{
  "mclass": "OcrStringIntegrator", 
  "settings": {
    "class_choice_type": "size_then_confidence", 
    "class_distance_threshold": 0.15, 
    "class_distance_type": "levenshtein", 
    "class_integrator": {
      "mclass": "OcrStringIntegrator", 
      "settings": {
        "WTN": {"empty_symbol": "@", "weightOfEmptySymb": 0.6}, 
        "stopper": {
          "mclass": "Stopper", 
          "settings": {
            "cluster_confidence_treshold": 0.9765625, 
            "max_count_of_pushed_ocrStrings": 15, 
            "min_cluster_size": 2, 
            "ocrstring_confidence_treshold": 0.68359375
          }, 
          "type": "simple"
        }
      }, 
      "type": "rover"
    }
  }, 
  "type": "multimodal"
}