{
  "mclass": "TemplateImageIntegrator", 
  "settings": {
    "confidence_full_tpl_calc_type": "mean", 
    "confidence_single_field_calc_type": "mean", 
    "flare_delta_y": 25, 
    "flare_final_threshold": 0.8, 
    "flare_high_threshold_col": 0.51, 
    "flare_low_threshold_col": 0.32, 
    "flare_space_x": 1, 
    "flare_symb_x": 1, 
    "threshold_conf": 0.9, 
    "use_confidence": true, 
    "use_flare": true, 
    "compute_absent_flare": true,
    "flare_detector": ":/flare_retriever/common_flare_retriever.json",
    "use_focus": true, 
    "use_terminality_index": true,
    "out_of_frame_threshold": 0.03
  }, 
  "type": "template_image_integrator"
}