{
  "mclass": "TplFinderEngineInteface", 
  "settings": {
    "finders": [
      {
        "config": {
          "mclass": "TplFinderEngineInteface", 
          "settings": {"config_path": ":/ffe/refinder_aadhaar.json"}, 
          "type": "ffe_refinder"
        }, 
        "dispatch": "*"
      }, 
      {
        "config": {
          "mclass": "TplFinderEngineInteface", 
          "settings": {
            "anywhere_mode": false, 
            "descriptors_computer_path": ":/ffe/rfd_128.json", 
            "keypoints_extractor_path": ":/ffe/yape.json", 
            "preprocessing_maximal_width": 800
          }, 
          "type": "ffe_keypoints"
        }, 
        "dispatch": "*"
      }
    ]
  }, 
  "type": "multi_sequence"
}
