{
  "general": {
    "variants_per_result": 1,
    "scaled_image_width": 240
  },
  "line_detection": {
    "use_nonmax_suppression": true,
    "nonmax_suppression":{
      "gradient_threshold": 1,
      "filled_value": 100
    },
    "use_carpet_filter": false,
    "lines_count": 15,
    "use_components": true
  },
  "selector": {
    "focal_length": 0.705,
    "parallelogram_delta_angle_degrees" : 2.5,
    "parallelogram_min_percent_ratio": 0.7,
    "parallelogram_max_percent_ratio": 1.2,
    "use_quad_force" : true,
    "quad_force" : {
      "number_max_alternatives" : 4
    },
    "use_triple_force": true,
    "triple_force" : {
      "number_max_alternatives" : 10
    },
    "use_contrast_reodering": true,
    "contrast_reodering": {
    	"number_reodered_alternatives": 4,
    	"merge_coefficient": 0.01
    }
  }
}
