{
  "descriptor_computer": {
    "type": "RFD",
    "num_of_orientations": 8,
    "patch_size": 32,
    "patch_affine_quality": "subpixel",
    "patch_sigma": 1.0,
    "rects": [
        {
            "x": 13,
            "y": 7,
            "width": 16,
            "height": 15,
            "orientation_index": 4,
            "threshold": 0.1848788857460022
        },
        {
            "x": 8,
            "y": 8,
            "width": 19,
            "height": 13,
            "orientation_index": 2,
            "threshold": 0.07755745947360992
        },
        {
            "x": 14,
            "y": 11,
            "width": 14,
            "height": 17,
            "orientation_index": 5,
            "threshold": 0.13376648724079132
        },
        {
            "x": 3,
            "y": 6,
            "width": 12,
            "height": 18,
            "orientation_index": 4,
            "threshold": 0.1502993106842041
        },
        {
            "x": 11,
            "y": 2,
            "width": 14,
            "height": 13,
            "orientation_index": 6,
            "threshold": 0.07977652549743652
        },
        {
            "x": 11,
            "y": 12,
            "width": 14,
            "height": 18,
            "orientation_index": 1,
            "threshold": 0.0897364392876625
        },
        {
            "x": 3,
            "y": 10,
            "width": 13,
            "height": 19,
            "orientation_index": 6,
            "threshold": 0.08722887933254242
        },
        {
            "x": 11,
            "y": 6,
            "width": 17,
            "height": 15,
            "orientation_index": 7,
            "threshold": 0.08986707031726837
        },
        {
            "x": 14,
            "y": 6,
            "width": 18,
            "height": 14,
            "orientation_index": 3,
            "threshold": 0.12577371299266815
        },
        {
            "x": 12,
            "y": 10,
            "width": 17,
            "height": 15,
            "orientation_index": 0,
            "threshold": 0.09105606377124786
        },
        {
            "x": 2,
            "y": 11,
            "width": 16,
            "height": 15,
            "orientation_index": 0,
            "threshold": 0.10013821721076965
        },
        {
            "x": 2,
            "y": 5,
            "width": 14,
            "height": 16,
            "orientation_index": 1,
            "threshold": 0.10321347415447235
        },
        {
            "x": 9,
            "y": 19,
            "width": 21,
            "height": 12,
            "orientation_index": 2,
            "threshold": 0.0823163092136383
        },
        {
            "x": 3,
            "y": 9,
            "width": 12,
            "height": 20,
            "orientation_index": 7,
            "threshold": 0.10603895783424377
        },
        {
            "x": 13,
            "y": 14,
            "width": 9,
            "height": 7,
            "orientation_index": 6,
            "threshold": 0.06305786967277527
        },
        {
            "x": 13,
            "y": 14,
            "width": 3,
            "height": 4,
            "orientation_index": 4,
            "threshold": 0.1667674332857132
        },
        {
            "x": 16,
            "y": 15,
            "width": 3,
            "height": 3,
            "orientation_index": 4,
            "threshold": 0.1634848415851593
        },
        {
            "x": 5,
            "y": 1,
            "width": 23,
            "height": 11,
            "orientation_index": 5,
            "threshold": 0.12465598434209824
        },
        {
            "x": 8,
            "y": 2,
            "width": 14,
            "height": 11,
            "orientation_index": 0,
            "threshold": 0.08363454788923264
        },
        {
            "x": 19,
            "y": 10,
            "width": 12,
            "height": 21,
            "orientation_index": 6,
            "threshold": 0.07983958721160889
        },
        {
            "x": 1,
            "y": 16,
            "width": 14,
            "height": 14,
            "orientation_index": 5,
            "threshold": 0.1288735270500183
        },
        {
            "x": 6,
            "y": 20,
            "width": 22,
            "height": 11,
            "orientation_index": 3,
            "threshold": 0.1293594241142273
        },
        {
            "x": 15,
            "y": 16,
            "width": 6,
            "height": 4,
            "orientation_index": 5,
            "threshold": 0.13292735815048218
        },
        {
            "x": 14,
            "y": 13,
            "width": 8,
            "height": 3,
            "orientation_index": 3,
            "threshold": 0.12552624940872192
        },
        {
            "x": 3,
            "y": 1,
            "width": 13,
            "height": 19,
            "orientation_index": 3,
            "threshold": 0.13248537480831146
        },
        {
            "x": 0,
            "y": 1,
            "width": 9,
            "height": 28,
            "orientation_index": 2,
            "threshold": 0.11308787763118744
        },
        {
            "x": 13,
            "y": 12,
            "width": 5,
            "height": 4,
            "orientation_index": 2,
            "threshold": 0.04420160874724388
        },
        {
            "x": 13,
            "y": 12,
            "width": 5,
            "height": 8,
            "orientation_index": 0,
            "threshold": 0.037986285984516144
        },
        {
            "x": 12,
            "y": 22,
            "width": 18,
            "height": 9,
            "orientation_index": 7,
            "threshold": 0.0842030793428421
        },
        {
            "x": 8,
            "y": 0,
            "width": 11,
            "height": 9,
            "orientation_index": 2,
            "threshold": 0.07183024287223816
        },
        {
            "x": 13,
            "y": 13,
            "width": 9,
            "height": 3,
            "orientation_index": 5,
            "threshold": 0.14032596349716187
        },
        {
            "x": 13,
            "y": 10,
            "width": 6,
            "height": 6,
            "orientation_index": 1,
            "threshold": 0.046349573880434036
        },
        {
            "x": 15,
            "y": 2,
            "width": 17,
            "height": 10,
            "orientation_index": 1,
            "threshold": 0.08187976479530334
        },
        {
            "x": 12,
            "y": 14,
            "width": 4,
            "height": 7,
            "orientation_index": 7,
            "threshold": 0.04677689075469971
        },
        {
            "x": 13,
            "y": 16,
            "width": 5,
            "height": 7,
            "orientation_index": 2,
            "threshold": 0.052823685109615326
        },
        {
            "x": 14,
            "y": 16,
            "width": 7,
            "height": 3,
            "orientation_index": 3,
            "threshold": 0.13309019804000854
        },
        {
            "x": 7,
            "y": 25,
            "width": 17,
            "height": 7,
            "orientation_index": 0,
            "threshold": 0.11918768286705017
        },
        {
            "x": 9,
            "y": 14,
            "width": 10,
            "height": 5,
            "orientation_index": 5,
            "threshold": 0.14494824409484863
        },
        {
            "x": 15,
            "y": 14,
            "width": 4,
            "height": 5,
            "orientation_index": 7,
            "threshold": 0.03221336752176285
        },
        {
            "x": 6,
            "y": 26,
            "width": 14,
            "height": 6,
            "orientation_index": 4,
            "threshold": 0.21121282875537872
        },
        {
            "x": 1,
            "y": 0,
            "width": 10,
            "height": 14,
            "orientation_index": 6,
            "threshold": 0.06866338849067688
        },
        {
            "x": 16,
            "y": 13,
            "width": 3,
            "height": 5,
            "orientation_index": 2,
            "threshold": 0.04722386226058006
        },
        {
            "x": 11,
            "y": 19,
            "width": 8,
            "height": 6,
            "orientation_index": 0,
            "threshold": 0.055456697940826416
        },
        {
            "x": 7,
            "y": 15,
            "width": 7,
            "height": 10,
            "orientation_index": 2,
            "threshold": 0.06154569238424301
        },
        {
            "x": 3,
            "y": 0,
            "width": 14,
            "height": 11,
            "orientation_index": 7,
            "threshold": 0.07638823986053467
        },
        {
            "x": 0,
            "y": 20,
            "width": 14,
            "height": 12,
            "orientation_index": 1,
            "threshold": 0.08461292833089828
        },
        {
            "x": 21,
            "y": 18,
            "width": 11,
            "height": 13,
            "orientation_index": 4,
            "threshold": 0.10861855000257492
        },
        {
            "x": 6,
            "y": 9,
            "width": 7,
            "height": 9,
            "orientation_index": 5,
            "threshold": 0.09836779534816742
        },
        {
            "x": 17,
            "y": 9,
            "width": 5,
            "height": 9,
            "orientation_index": 0,
            "threshold": 0.061811767518520355
        },
        {
            "x": 9,
            "y": 13,
            "width": 9,
            "height": 4,
            "orientation_index": 6,
            "threshold": 0.048143453896045685
        },
        {
            "x": 14,
            "y": 20,
            "width": 7,
            "height": 5,
            "orientation_index": 6,
            "threshold": 0.053618717938661575
        },
        {
            "x": 16,
            "y": 12,
            "width": 3,
            "height": 9,
            "orientation_index": 1,
            "threshold": 0.03435257077217102
        },
        {
            "x": 10,
            "y": 16,
            "width": 6,
            "height": 7,
            "orientation_index": 3,
            "threshold": 0.12861581146717072
        },
        {
            "x": 10,
            "y": 16,
            "width": 7,
            "height": 4,
            "orientation_index": 1,
            "threshold": 0.04567962884902954
        },
        {
            "x": 16,
            "y": 18,
            "width": 7,
            "height": 6,
            "orientation_index": 7,
            "threshold": 0.05422380566596985
        },
        {
            "x": 22,
            "y": 2,
            "width": 10,
            "height": 12,
            "orientation_index": 4,
            "threshold": 0.10838888585567474
        },
        {
            "x": 13,
            "y": 15,
            "width": 3,
            "height": 3,
            "orientation_index": 6,
            "threshold": 0.032216429710388184
        },
        {
            "x": 11,
            "y": 10,
            "width": 6,
            "height": 5,
            "orientation_index": 7,
            "threshold": 0.04013241082429886
        },
        {
            "x": 17,
            "y": 0,
            "width": 10,
            "height": 9,
            "orientation_index": 0,
            "threshold": 0.11294038593769073
        },
        {
            "x": 11,
            "y": 19,
            "width": 8,
            "height": 3,
            "orientation_index": 5,
            "threshold": 0.13675522804260254
        },
        {
            "x": 20,
            "y": 0,
            "width": 12,
            "height": 12,
            "orientation_index": 2,
            "threshold": 0.08250575512647629
        },
        {
            "x": 10,
            "y": 11,
            "width": 5,
            "height": 5,
            "orientation_index": 0,
            "threshold": 0.05891355872154236
        },
        {
            "x": 16,
            "y": 18,
            "width": 6,
            "height": 9,
            "orientation_index": 0,
            "threshold": 0.05727749317884445
        },
        {
            "x": 20,
            "y": 14,
            "width": 4,
            "height": 8,
            "orientation_index": 4,
            "threshold": 0.12167079746723175
        },
        {
            "x": 0,
            "y": 0,
            "width": 11,
            "height": 9,
            "orientation_index": 0,
            "threshold": 0.12993809580802917
        },
        {
            "x": 12,
            "y": 10,
            "width": 6,
            "height": 4,
            "orientation_index": 3,
            "threshold": 0.14761003851890564
        },
        {
            "x": 13,
            "y": 0,
            "width": 11,
            "height": 7,
            "orientation_index": 3,
            "threshold": 0.10637587308883667
        },
        {
            "x": 25,
            "y": 7,
            "width": 6,
            "height": 23,
            "orientation_index": 1,
            "threshold": 0.12042544782161713
        },
        {
            "x": 1,
            "y": 14,
            "width": 8,
            "height": 15,
            "orientation_index": 3,
            "threshold": 0.09316471219062805
        },
        {
            "x": 8,
            "y": 0,
            "width": 11,
            "height": 5,
            "orientation_index": 4,
            "threshold": 0.21729439496994019
        },
        {
            "x": 15,
            "y": 13,
            "width": 3,
            "height": 11,
            "orientation_index": 3,
            "threshold": 0.1625291109085083
        },
        {
            "x": 1,
            "y": 3,
            "width": 7,
            "height": 16,
            "orientation_index": 5,
            "threshold": 0.09653663635253906
        },
        {
            "x": 17,
            "y": 15,
            "width": 5,
            "height": 5,
            "orientation_index": 2,
            "threshold": 0.05303449183702469
        },
        {
            "x": 13,
            "y": 10,
            "width": 6,
            "height": 4,
            "orientation_index": 5,
            "threshold": 0.1368371695280075
        },
        {
            "x": 13,
            "y": 15,
            "width": 3,
            "height": 3,
            "orientation_index": 2,
            "threshold": 0.029934849590063095
        },
        {
            "x": 15,
            "y": 12,
            "width": 6,
            "height": 3,
            "orientation_index": 7,
            "threshold": 0.03643941879272461
        },
        {
            "x": 18,
            "y": 16,
            "width": 3,
            "height": 4,
            "orientation_index": 4,
            "threshold": 0.1884460300207138
        },
        {
            "x": 15,
            "y": 1,
            "width": 15,
            "height": 5,
            "orientation_index": 7,
            "threshold": 0.09319831430912018
        },
        {
            "x": 0,
            "y": 21,
            "width": 10,
            "height": 11,
            "orientation_index": 4,
            "threshold": 0.11995790898799896
        },
        {
            "x": 19,
            "y": 14,
            "width": 3,
            "height": 10,
            "orientation_index": 3,
            "threshold": 0.12164764106273651
        },
        {
            "x": 12,
            "y": 26,
            "width": 11,
            "height": 6,
            "orientation_index": 6,
            "threshold": 0.055417295545339584
        },
        {
            "x": 25,
            "y": 12,
            "width": 7,
            "height": 12,
            "orientation_index": 2,
            "threshold": 0.11355847865343094
        },
        {
            "x": 15,
            "y": 10,
            "width": 5,
            "height": 3,
            "orientation_index": 2,
            "threshold": 0.03358975797891617
        },
        {
            "x": 17,
            "y": 10,
            "width": 4,
            "height": 4,
            "orientation_index": 3,
            "threshold": 0.10186266899108887
        },
        {
            "x": 10,
            "y": 1,
            "width": 10,
            "height": 5,
            "orientation_index": 1,
            "threshold": 0.07487837970256805
        },
        {
            "x": 18,
            "y": 18,
            "width": 4,
            "height": 4,
            "orientation_index": 5,
            "threshold": 0.08519824594259262
        },
        {
            "x": 19,
            "y": 10,
            "width": 6,
            "height": 5,
            "orientation_index": 1,
            "threshold": 0.059457927942276
        },
        {
            "x": 17,
            "y": 22,
            "width": 5,
            "height": 5,
            "orientation_index": 4,
            "threshold": 0.16131287813186646
        },
        {
            "x": 0,
            "y": 1,
            "width": 10,
            "height": 8,
            "orientation_index": 4,
            "threshold": 0.10737605392932892
        },
        {
            "x": 7,
            "y": 10,
            "width": 9,
            "height": 4,
            "orientation_index": 6,
            "threshold": 0.04769077152013779
        },
        {
            "x": 19,
            "y": 14,
            "width": 4,
            "height": 4,
            "orientation_index": 5,
            "threshold": 0.0953870564699173
        },
        {
            "x": 10,
            "y": 17,
            "width": 5,
            "height": 3,
            "orientation_index": 6,
            "threshold": 0.050533950328826904
        },
        {
            "x": 23,
            "y": 22,
            "width": 8,
            "height": 10,
            "orientation_index": 5,
            "threshold": 0.08828476071357727
        },
        {
            "x": 12,
            "y": 19,
            "width": 5,
            "height": 5,
            "orientation_index": 1,
            "threshold": 0.037423595786094666
        },
        {
            "x": 17,
            "y": 13,
            "width": 7,
            "height": 4,
            "orientation_index": 6,
            "threshold": 0.05576849728822708
        },
        {
            "x": 15,
            "y": 7,
            "width": 4,
            "height": 7,
            "orientation_index": 0,
            "threshold": 0.0333184078335762
        },
        {
            "x": 19,
            "y": 26,
            "width": 11,
            "height": 6,
            "orientation_index": 0,
            "threshold": 0.1401907205581665
        },
        {
            "x": 10,
            "y": 26,
            "width": 9,
            "height": 6,
            "orientation_index": 5,
            "threshold": 0.11547127366065979
        },
        {
            "x": 14,
            "y": 21,
            "width": 4,
            "height": 3,
            "orientation_index": 4,
            "threshold": 0.2113274782896042
        },
        {
            "x": 18,
            "y": 17,
            "width": 4,
            "height": 4,
            "orientation_index": 1,
            "threshold": 0.05185677856206894
        },
        {
            "x": 10,
            "y": 13,
            "width": 6,
            "height": 3,
            "orientation_index": 3,
            "threshold": 0.11395680159330368
        },
        {
            "x": 10,
            "y": 13,
            "width": 4,
            "height": 4,
            "orientation_index": 2,
            "threshold": 0.05557330697774887
        },
        {
            "x": 25,
            "y": 1,
            "width": 7,
            "height": 13,
            "orientation_index": 0,
            "threshold": 0.10131394863128662
        },
        {
            "x": 19,
            "y": 9,
            "width": 3,
            "height": 5,
            "orientation_index": 4,
            "threshold": 0.12741106748580933
        },
        {
            "x": 5,
            "y": 23,
            "width": 6,
            "height": 7,
            "orientation_index": 2,
            "threshold": 0.058882489800453186
        },
        {
            "x": 9,
            "y": 15,
            "width": 3,
            "height": 7,
            "orientation_index": 0,
            "threshold": 0.06809011101722717
        },
        {
            "x": 19,
            "y": 11,
            "width": 4,
            "height": 5,
            "orientation_index": 2,
            "threshold": 0.044886477291584015
        },
        {
            "x": 1,
            "y": 1,
            "width": 10,
            "height": 6,
            "orientation_index": 1,
            "threshold": 0.10420727729797363
        },
        {
            "x": 16,
            "y": 6,
            "width": 6,
            "height": 4,
            "orientation_index": 2,
            "threshold": 0.04302573949098587
        },
        {
            "x": 23,
            "y": 18,
            "width": 8,
            "height": 7,
            "orientation_index": 3,
            "threshold": 0.0967903882265091
        },
        {
            "x": 25,
            "y": 2,
            "width": 7,
            "height": 15,
            "orientation_index": 5,
            "threshold": 0.09806850552558899
        },
        {
            "x": 12,
            "y": 7,
            "width": 7,
            "height": 3,
            "orientation_index": 1,
            "threshold": 0.04261045902967453
        },
        {
            "x": 8,
            "y": 14,
            "width": 3,
            "height": 12,
            "orientation_index": 3,
            "threshold": 0.08408285677433014
        },
        {
            "x": 12,
            "y": 7,
            "width": 6,
            "height": 3,
            "orientation_index": 3,
            "threshold": 0.11838512867689133
        },
        {
            "x": 19,
            "y": 15,
            "width": 4,
            "height": 5,
            "orientation_index": 7,
            "threshold": 0.056023888289928436
        },
        {
            "x": 1,
            "y": 9,
            "width": 6,
            "height": 9,
            "orientation_index": 4,
            "threshold": 0.0868460088968277
        },
        {
            "x": 12,
            "y": 22,
            "width": 5,
            "height": 4,
            "orientation_index": 5,
            "threshold": 0.11974656581878662
        },
        {
            "x": 9,
            "y": 14,
            "width": 3,
            "height": 3,
            "orientation_index": 4,
            "threshold": 0.0942278504371643
        },
        {
            "x": 26,
            "y": 3,
            "width": 6,
            "height": 13,
            "orientation_index": 6,
            "threshold": 0.12504497170448303
        },
        {
            "x": 23,
            "y": 0,
            "width": 9,
            "height": 9,
            "orientation_index": 3,
            "threshold": 0.07956132292747498
        },
        {
            "x": 11,
            "y": 21,
            "width": 6,
            "height": 3,
            "orientation_index": 7,
            "threshold": 0.0502912662923336
        },
        {
            "x": 23,
            "y": 19,
            "width": 9,
            "height": 6,
            "orientation_index": 7,
            "threshold": 0.0789971798658371
        },
        {
            "x": 13,
            "y": 10,
            "width": 3,
            "height": 3,
            "orientation_index": 4,
            "threshold": 0.2015429437160492
        },
        {
            "x": 12,
            "y": 7,
            "width": 3,
            "height": 4,
            "orientation_index": 2,
            "threshold": 0.047195758670568466
        },
        {
            "x": 10,
            "y": 13,
            "width": 3,
            "height": 4,
            "orientation_index": 1,
            "threshold": 0.04603377729654312
        },
        {
            "x": 20,
            "y": 16,
            "width": 4,
            "height": 3,
            "orientation_index": 0,
            "threshold": 0.06850313395261765
        },
        {
            "x": 9,
            "y": 7,
            "width": 5,
            "height": 4,
            "orientation_index": 6,
            "threshold": 0.03762602061033249
        },
        {
            "x": 18,
            "y": 0,
            "width": 7,
            "height": 6,
            "orientation_index": 4,
            "threshold": 0.1846420168876648
        }
    ]
  }
}