{
  "mclass": "Postprocessor", 
  "settings": {
    "deletion_base_penalty": 1.0, 
    "deletion_streak_penalty": 2.5, 
    "dictionary": {
      "data": [
        "P", 
        "PS", 
        "PD", 
        "PB", 
        "PP", 
        "PO", 
        "PT", 
        "PA", 
        "PC", 
        "PE", 
        "PX", 
        "PM", 
        "D", 
        "DP",
        "PR", 
        "PN", 
        "S", 
        "PF", 
        "CI", 
        "PJ", 
        "PV", 
        "PW",
        "PL",
        "IP"
      ], 
      "type": "inline"
    }, 
    "insertion_base_penalty": 1.0, 
    "insertion_streak_penalty": 2.5, 
    "max_input_confidence": 1.0, 
    "max_input_dict_weight": 0, 
    "max_levenshtein_penalty": 2.9, 
    "max_states_count": 100, 
    "min_change_dict_weight": 0, 
    "substitution_weight": 0.9
  }, 
  "type": "levdict"
}