{
  "mclass": "VerticalSegmentator", 
  "settings": {
    "layout": [
      {"delta_height": 50, "height": 50, "line_type": "gap"}, 
      {
        "delta_height": 10, 
        "fields": [
          {"delta_width": 80, "field_type": "gap", "width": 400}, 
          {
            "cost": 1.0, 
            "delta_width": 20, 
            "field_name": "number", 
            "field_type": "text", 
            "is_optional": false, 
            "width": 115
          }, 
          {"delta_width": 30, "field_type": "gap", "width": 110}, 
          {
            "cost": 1.0, 
            "delta_width": 30, 
            "field_name": "number_arab", 
            "field_type": "text", 
            "is_optional": false, 
            "width": 170
          }, 
          {"delta_width": 70, "field_type": "gap", "width": 140}
        ], 
        "height": 28, 
        "line_type": "text"
      }, 
      {"delta_height": 20, "height": 30, "line_type": "gap"}, 
      {
        "delta_height": 10, 
        "fields": [
          {"delta_width": 50, "field_type": "gap", "width": 370}, 
          {
            "cost": 1.0, 
            "delta_width": 30, 
            "field_name": "issue_date", 
            "field_type": "text", 
            "is_optional": false, 
            "width": 170
          }, 
          {"delta_width": 30, "field_type": "gap", "width": 50}, 
          {
            "cost": 1.0, 
            "delta_width": 30, 
            "field_name": "issue_date_arab", 
            "field_type": "text", 
            "is_optional": false, 
            "width": 215
          }, 
          {"delta_width": 70, "field_type": "gap", "width": 140}
        ], 
        "height": 30, 
        "line_type": "text"
      }, 
      {"delta_height": 12, "height": 20, "line_type": "gap"}, 
      {
        "delta_height": 10, 
        "fields": [
          {"delta_width": 50, "field_type": "gap", "width": 370}, 
          {
            "cost": 1.0, 
            "delta_width": 30, 
            "field_name": "expiry_date", 
            "field_type": "text", 
            "is_optional": false, 
            "width": 170
          }, 
          {"delta_width": 30, "field_type": "gap", "width": 50}, 
          {
            "cost": 1.0, 
            "delta_width": 30, 
            "field_name": "expiry_date_arab", 
            "field_type": "text", 
            "is_optional": false, 
            "width": 215
          }, 
          {"delta_width": 70, "field_type": "gap", "width": 140}
        ], 
        "height": 30, 
        "line_type": "text"
      }, 
      {"delta_height": 8, "height": 23, "line_type": "gap"}, 
      {
        "delta_height": 10, 
        "fields": [
          {"delta_width": 250, "field_type": "gap", "width": 750}, 
          {
            "cost": 1.0, 
            "delta_width": 200, 
            "field_name": "nationality", 
            "field_type": "text", 
            "is_optional": false, 
            "width": 250
          }, 
          {"delta_width": 70, "field_type": "gap", "width": 140}
        ], 
        "height": 28, 
        "line_type": "text"
      }, 
      {"delta_height": 10, "height": 20, "line_type": "gap"}, 
      {
        "delta_height": 10, 
        "fields": [
          {"delta_width": 50, "field_type": "gap", "width": 430}, 
          {
            "cost": 1.0, 
            "delta_width": 360, 
            "field_name": "nationality_eng", 
            "field_type": "text", 
            "is_optional": false, 
            "width": 380
          }, 
          {"delta_width": 380, "field_type": "gap", "width": 520}
        ], 
        "height": 28, 
        "line_type": "text"
      }, 
      {"delta_height": 8, "height": 23, "line_type": "gap"}, 
      {
        "delta_height": 10, 
        "fields": [
          {"delta_width": 300, "field_type": "gap", "width": 750}, 
          {
            "cost": 1.0, 
            "delta_width": 450, 
            "field_name": "name", 
            "field_type": "text", 
            "is_optional": false, 
            "width": 500
          }, 
          {"delta_width": 70, "field_type": "gap", "width": 140}
        ], 
        "height": 28, 
        "line_type": "text"
      }, 
      {"delta_height": 10, "height": 20, "line_type": "gap"}, 
      {
        "delta_height": 10, 
        "fields": [
          {"delta_width": 50, "field_type": "gap", "width": 160}, 
          {
            "cost": 1.0, 
            "delta_width": 570, 
            "field_name": "name_eng", 
            "field_type": "text", 
            "is_optional": false, 
            "width": 580
          }, 
          {"delta_width": 580, "field_type": "gap", "width": 580}
        ], 
        "height": 30, 
        "line_type": "text"
      }, 
      {"delta_height": 10, "height": 30, "line_type": "gap"}, 
      {
        "delta_height": 10, 
        "fields": [
          {"delta_width": 60, "field_type": "gap", "width": 230}, 
          {
            "cost": 1.0, 
            "delta_width": 50, 
            "field_name": "type_eng", 
            "field_type": "text", 
            "gap_right": 20, 
            "is_optional": false, 
            "width": 70
          }, 
          {"delta_width": 100, "field_type": "gap", "width": 400}, 
          {
            "cost": 1.0, 
            "delta_width": 50, 
            "field_name": "type", 
            "field_type": "text", 
            "gap_left": 20, 
            "is_optional": false, 
            "width": 70
          }, 
          {"delta_width": 90, "field_type": "gap", "width": 230}
        ], 
        "height": 20, 
        "line_type": "text"
      }, 
      {"delta_height": 35, "height": 45, "line_type": "gap"}
    ], 
    "preprocessing": {
      "processing_steps": [
        {"settings": {"blink_removing_percent": 0.1}, "type": "blink_removing"}, 
        {
          "settings": {"background_closing_wx": 4, "background_closing_wy": 4}, 
          "type": "background_closing"
        }, 
        {
          "settings": {"morphology_open_wx": 8, "morphology_open_wy": 1}, 
          "type": "morphology_open"
        }, 
        {
          "settings": {"morphology_close_wx": 0, "morphology_close_wy": 2}, 
          "type": "morphology_close"
        }, 
        {
          "settings": {
            "autocontrast_satur_black": 0.01, 
            "autocontrast_satur_white": 0.1
          }, 
          "type": "autocontrast"
        }, 
        {
          "settings": {"height_downscale": 1.0, "width_downscale": 0.5}, 
          "type": "angle_detection"
        }
      ], 
      "settings": {}
    }, 
    "settings": {
      "default_gap_dp_cost": 0.0, 
      "default_gap_otsu_cost": 0.7, 
      "gap_bot": 7, 
      "gap_left": 10, 
      "gap_right": 15, 
      "gap_top": 8, 
      "grid_step_x": 1, 
      "grid_step_y": 1, 
      "local_otsu_window_wing": -1, 
      "rejection_threshold": 0.15, 
      "score_type": "otsu"
    }
  }, 
  "type": "dynamic"
}