{
  "mclass": "VerticalSegmentator", 
  "settings": {
    "layout": [
      {"delta_height": 20, "height": 20, "line_type": "gap"}, 
      {
        "delta_height": 10, 
        "fields": [
          {"delta_width": 50, "field_type": "gap", "width": 80}, 
          {
            "cost": 1.0, 
            "delta_width": 20, 
            "field_name": "number", 
            "field_type": "text", 
            "is_optional": false, 
            "width": 95
          }, 
          {"delta_width": 20, "field_type": "gap", "width": 175},
          {
            "cost": 1.0, 
            "delta_width": 20, 
            "field_name": "number_arab", 
            "field_type": "text", 
            "is_optional": false, 
            "width": 110
          }, 
          {"delta_width": 70, "field_type": "gap", "width": 150}
        ], 
        "height": 25, 
        "line_type": "text"
      }, 
      {"delta_height": 10, "height": 35, "line_type": "gap"}, 
      {
        "delta_height": 6, 
        "fields": [
          {"delta_width": 480, "field_type": "gap", "width": 500}, 
          {
            "cost": 1.0, 
            "delta_width": 480, 
            "field_name": "name", 
            "gap_left": 25, 
            "field_type": "text", 
            "is_optional": false, 
            "width": 500
          }, 
          {"delta_width": 40, "field_type": "gap", "width": 60}
        ], 
        "height": 23, 
        "line_type": "text"
      }, 
      {"delta_height": 10, "height": 25, "line_type": "gap"}, 
      {
        "delta_height": 10, 
        "fields": [
          {"delta_width": 50, "field_type": "gap", "width": 80}, 
          {
            "cost": 1.0, 
            "delta_width": 440, 
            "field_name": "name_eng", 
            "field_type": "text", 
            "is_optional": false, 
            "width": 460
          }, 
          {"delta_width": 440, "field_type": "gap", "width": 440}
        ], 
        "height": 20, 
        "line_type": "text"
      }, 
      {"delta_height": 10, "height": 25, "line_type": "gap"}, 
      {
        "delta_height": 10, 
        "fields": [
          {"delta_width": 10, "field_type": "gap", "width": 115}, 
          {
            "cost": 1.0, 
            "delta_width": 215, 
            "field_name": "nationality_eng", 
            "field_type": "text", 
            "gap_left": 5, 
            "is_optional": false, 
            "width": 235
          }, 
          {"delta_width": 250, "field_type": "gap", "width": 280},
          {
            "cost": 1.0, 
            "delta_width": 215, 
            "field_name": "nationality", 
            "gap_left": 25, 
            "field_type": "text", 
            "gap_left": 5, 
            "is_optional": false, 
            "width": 235
          }, 
          {"delta_width": 40, "field_type": "gap", "width": 90}
        ], 
        "height": 25, 
        "line_type": "text"
      }, 
      {"delta_height": 10, "height": 25, "line_type": "gap"}, 
      {
        "delta_height": 10, 
        "fields": [
          {"delta_width": 20, "field_type": "gap", "width": 115}, 
          {
            "cost": 1.0, 
            "delta_width": 215, 
            "field_name": "profession_eng", 
            "field_type": "text", 
            "is_optional": false, 
            "width": 235
          }, 
          {"delta_width": 250, "field_type": "gap", "width": 280},
          {
            "cost": 1.0, 
            "delta_width": 215, 
            "field_name": "profession", 
            "gap_left": 25, 
            "field_type": "text", 
            "gap_left": 5, 
            "is_optional": false, 
            "width": 235
          }, 
          {"delta_width": 40, "field_type": "gap", "width": 90}
        ], 
        "height": 25, 
        "line_type": "text"
      }, 
      {"delta_height": 10, "height": 30, "line_type": "gap"}, 
      {
        "delta_height": 10, 
        "fields": [
          {"delta_width": 20, "field_type": "gap", "width": 140}, 
          {
            "cost": 1.0, 
            "delta_width": 40, 
            "field_name": "blood_type", 
            "field_type": "text", 
            "is_optional": false, 
            "width": 55
          }, 
          {"delta_width": 80, "field_type": "gap", "width": 380}
        ], 
        "height": 25, 
        "line_type": "text"
      }, 
      {"delta_height": 10, "height": 30, "line_type": "gap"}, 
      {
        "delta_height": 10, 
        "fields": [
          {"delta_width": 20, "field_type": "gap", "width": 120}, 
          {
            "cost": 1.0, 
            "delta_width": 40, 
            "field_name": "issue_date", 
            "field_type": "text", 
            "is_optional": false, 
            "width": 125
          }, 
          {"delta_width": 15, "field_type": "gap", "width": 30},
          {
            "cost": 1.0, 
            "delta_width": 20, 
            "field_name": "issue_date_arab", 
            "field_type": "text", 
            "is_optional": false, 
            "width": 165
          }, 
          {"delta_width": 50, "field_type": "gap", "width": 150}
        ], 
        "height": 20, 
        "line_type": "text"
      }, 
      {"delta_height": 10, "height": 30, "line_type": "gap"}, 
      {
        "delta_height": 10, 
        "fields": [
          {"delta_width": 20, "field_type": "gap", "width": 120}, 
          {
            "cost": 1.0, 
            "delta_width": 40, 
            "field_name": "expiry_date", 
            "field_type": "text", 
            "is_optional": false, 
            "width": 125
          }, 
          {"delta_width": 15, "field_type": "gap", "width": 30},
          {
            "cost": 1.0, 
            "delta_width": 20, 
            "field_name": "expiry_date_arab", 
            "field_type": "text", 
            "is_optional": false, 
            "width": 165
          }, 
          {"delta_width": 50, "field_type": "gap", "width": 150}
        ], 
        "height": 20, 
        "line_type": "text"
      }, 
      {"delta_height": 20, "height": 20, "line_type": "gap"}
    ], 
    "preprocessing": {
      "processing_steps": [
        {"settings": {"blink_removing_percent": 0.1}, "type": "blink_removing"}, 
        {
          "settings": {"background_closing_wx": 4, "background_closing_wy": 4}, 
          "type": "background_closing"
        }, 
        {
          "settings": {"morphology_open_wx": 12, "morphology_open_wy": 4}, 
          "type": "morphology_open"
        }, 
        {
          "settings": {"morphology_close_wx": 0, "morphology_close_wy": 3}, 
          "type": "morphology_close"
        }, 
        {
          "settings": {"autocontrast_satur_black": 0.0, "autocontrast_satur_white": 0.1}, 
          "type": "autocontrast"
        }, 
        {
          "settings": {"height_downscale": 1.0, "width_downscale": 0.5}, 
          "type": "angle_detection"
        }
      ], 
      "settings": {}
    }, 
    "settings": {
      "default_gap_dp_cost": 0.0, 
      "default_gap_otsu_cost": 0.7, 
      "gap_bot": 7, 
      "gap_left": 10, 
      "gap_right": 15, 
      "gap_top": 8, 
      "grid_step_x": 1, 
      "grid_step_y": 1, 
      "local_otsu_window_wing": -1, 
      "rejection_threshold": 0.15, 
      "score_type": "otsu"
    }
  }, 
  "type": "dynamic"
}