{
  "mclass": "VerticalSegmentator", 
  "settings": {
    "layout": [
      {"delta_height": 35, "height": 40, "line_type": "gap"}, 
      {
        "delta_height": 10, 
        "fields": [
          {"delta_width": 50, "field_type": "gap", "width": 400},
          {
            "cost": 1.0, 
            "delta_width": 30, 
            "field_name": "number", 
            "field_type": "text", 
            "is_optional": false, 
            "width": 100
          }, 
          {"delta_width": 50, "field_type": "gap", "width": 150}
        ], 
        "height": 18, 
        "line_type": "text"
      }, 
      {"delta_height": 15, "height": 35, "line_type": "gap"}, 
      {
        "delta_height": 10, 
        "fields": [
          {"delta_width": 100, "field_type": "gap", "width": 160}, 
          {
            "cost": 1.0, 
            "delta_width": 570, 
            "field_name": "name_eng", 
            "field_type": "text", 
            "is_optional": false, 
            "width": 580
          }, 
          {"delta_width": 580, "field_type": "gap", "width": 580}
        ], 
        "height": 18, 
        "line_type": "text"
      }, 
      {"delta_height": 15, "height": 25, "line_type": "gap"}, 
      {
        "delta_height": 5, 
        "fields": [
          {"delta_width": 100, "field_type": "gap", "width": 190}, 
          {
            "cost": 1.0, 
            "delta_width": 270, 
            "field_name": "birth_date_and_place", 
            "field_type": "text", 
            "is_optional": false, 
            "width": 370
          }, 
          {"delta_width": 300, "field_type": "gap", "width": 310}
        ], 
        "height": 15, 
        "line_type": "text"
      }, 
      {"delta_height": 15, "height": 30, "line_type": "gap"}, 
      {
        "delta_height": 10, 
        "fields": [
          {"delta_width": 100, "field_type": "gap", "width": 280}, 
          {
            "cost": 1.0, 
            "delta_width": 50, 
            "field_name": "nationality_eng", 
            "field_type": "text", 
            "is_optional": false, 
            "width": 70
          }, 
          {"delta_width": 100, "field_type": "gap", "width": 320}
        ], 
        "height": 20, 
        "line_type": "text"
      }, 
      {"delta_height": 15, "height": 30, "line_type": "gap"}, 
      {
        "delta_height": 10, 
        "fields": [
          {"delta_width": 50, "field_type": "gap", "width": 230}, 
          {
            "cost": 1.0, 
            "delta_width": 30, 
            "field_name": "issue_date", 
            "field_type": "text", 
            "is_optional": false, 
            "width": 130
          }, 
          {"delta_width": 80, "field_type": "gap", "width": 290}
        ], 
        "height": 18, 
        "line_type": "text"
      }, 
      {"delta_height": 15, "height": 30, "line_type": "gap"}, 
      {
        "delta_height": 10, 
        "fields": [
          {"delta_width": 50, "field_type": "gap", "width": 230}, 
          {
            "cost": 1.0, 
            "delta_width": 30, 
            "field_name": "expiry_date", 
            "field_type": "text", 
            "is_optional": false, 
            "width": 130
          }, 
          {"delta_width": 80, "field_type": "gap", "width": 290}
        ], 
        "height": 18, 
        "line_type": "text"
      },
      {"delta_height": 15, "height": 25, "line_type": "gap"}, 
      {
        "delta_height": 10, 
        "fields": [
          {"delta_width": 100, "field_type": "gap", "width": 270}, 
          {
            "cost": 1.0, 
            "delta_width": 240, 
            "field_name": "issue_place_eng", 
            "field_type": "text", 
            "is_optional": false, 
            "width": 270
          }, 
          {"delta_width": 200, "field_type": "gap", "width": 320}
        ], 
        "height": 18, 
        "line_type": "text"
      }, 
      {"delta_height": 50, "height": 100, "line_type": "gap"}
    ], 
    "preprocessing": {
      "processing_steps": [
        {"settings": {"blink_removing_percent": 0.1}, "type": "blink_removing"}, 
        {
          "settings": {"background_closing_wx": 4, "background_closing_wy": 4}, 
          "type": "background_closing"
        }, 
        {
          "settings": {"morphology_open_wx": 10, "morphology_open_wy": 2}, 
          "type": "morphology_open"
        }, 
         {
          "settings": {"morphology_close_wx": 0, "morphology_close_wy": 3}, 
          "type": "morphology_close"
        }, 
        {
          "settings": {"autocontrast_satur_black": 0.05, "autocontrast_satur_white": 0.01}, 
          "type": "autocontrast"
        }, 
        {
          "settings": {"height_downscale": 1.0, "width_downscale": 0.5}, 
          "type": "angle_detection"
        }
      ], 
      "settings": {}
    }, 
    "settings": {
      "default_gap_dp_cost": 0.0, 
      "default_gap_otsu_cost": 0.7, 
      "gap_bot": 7, 
      "gap_left": 10, 
      "gap_right": 15, 
      "gap_top": 8, 
      "grid_step_x": 1, 
      "grid_step_y": 1, 
      "local_otsu_window_wing": -1, 
      "rejection_threshold": 0.15, 
      "score_type": "otsu"
    }
  }, 
  "type": "dynamic"
}