{
  "mclass": "VerticalSegmentator", 
  "settings": {
    "layout": [
      {"delta_height": 50, "height": 50, "line_type": "gap"}, 
      {
        "delta_height": 10, 
        "fields": [
          {"delta_width": 80, "field_type": "gap", "width": 280}, 
          {
            "cost": 1.0, 
            "delta_width": 50, 
            "field_name": "number", 
            "field_type": "text", 
            "is_optional": false, 
            "width": 130
          }, 
          {"delta_width": 200, "field_type": "gap", "width": 430}
        ], 
        "height": 28, 
        "line_type": "text"
      }, 
      {"delta_height": 10, "height": 30, "line_type": "gap"}, 
      {
        "delta_height": 10, 
        "fields": [
          {"delta_width": 400, "field_type": "gap", "width": 450}, 
          {
            "cost": 1.0, 
            "delta_width": 450, 
            "field_name": "name", 
            "field_type": "text", 
            "is_optional": false, 
            "width": 500
          }, 
          {"delta_width": 60, "field_type": "gap", "width": 190}
        ], 
        "height": 30, 
        "line_type": "text"
      }, 
      {"delta_height": 10, "height": 20, "line_type": "gap"}, 
      {
        "delta_height": 10, 
        "fields": [
          {"delta_width": 150, "field_type": "gap", "width": 230}, 
          {
            "cost": 1.0, 
            "delta_width": 570, 
            "field_name": "name_eng", 
            "field_type": "text", 
            "is_optional": false, 
            "width": 580,
            "gap_right": 50
          }, 
          {"delta_width": 580, "field_type": "gap", "width": 580}
        ], 
        "height": 30, 
        "line_type": "text"
      }, 
      {"delta_height": 12, "height": 25, "line_type": "gap"}, 
      {
        "delta_height": 10, 
        "fields": [
          {"delta_width": 140, "field_type": "gap", "width": 270}, 
          {
            "cost": 1.0, 
            "delta_width": 360, 
            "field_name": "nationality_eng", 
            "field_type": "text", 
            "is_optional": false, 
            "width": 380
          }, 
          {"delta_width": 380, "field_type": "gap", "width": 400}, 
          {
            "cost": 1.0, 
            "delta_width": 360, 
            "field_name": "nationality", 
            "field_type": "text", 
            "is_optional": false, 
            "width": 380
          }, 
          {"delta_width": 60, "field_type": "gap", "width": 180}
        ], 
        "height": 28, 
        "line_type": "text"
      }, 
      {"delta_height": 12, "height": 27, "line_type": "gap"}, 
      {
        "delta_height": 10, 
        "fields": [
          {"delta_width": 50, "field_type": "gap", "width": 255}, 
          {
            "cost": 1.0, 
            "delta_width": 40, 
            "field_name": "birth_date", 
            "field_type": "text", 
            "is_optional": false, 
            "width": 180,
            "gap_right": 20
          }, 
          {"delta_width": 80, "field_type": "gap", "width": 300}
        ], 
        "height": 28, 
        "line_type": "text"
      }, 
      {"delta_height": 12, "height": 25, "line_type": "gap"}, 
      {
        "delta_height": 10, 
        "fields": [
          {"delta_width": 50, "field_type": "gap", "width": 255}, 
          {
            "cost": 1.0, 
            "delta_width": 40, 
            "field_name": "issue_date", 
            "field_type": "text", 
            "is_optional": false, 
            "width": 180
          }, 
          {"delta_width": 50, "field_type": "gap", "width": 290}
        ], 
        "height": 28, 
        "line_type": "text"
      }, 
      {"delta_height": 12, "height": 25, "line_type": "gap"}, 
      {
        "delta_height": 10, 
        "fields": [
          {"delta_width": 50, "field_type": "gap", "width": 255}, 
          {
            "cost": 1.0, 
            "delta_width": 40, 
            "field_name": "expiry_date", 
            "field_type": "text", 
            "is_optional": false, 
            "width": 180,
            "gap_right": 20
          }, 
          {"delta_width": 50, "field_type": "gap", "width": 290}
        ], 
        "height": 25, 
        "line_type": "text"
      }, 
      {"delta_height": 40, "height": 80, "line_type": "gap"}
    ], 
    "preprocessing": {
      "processing_steps": [
        {"settings": {"blink_removing_percent": 0.1}, "type": "blink_removing"}, 
        {
          "settings": {"background_closing_wx": 8, "background_closing_wy": 8}, 
          "type": "background_closing"
        }, 
        {
          "settings": {"morphology_open_wx": 8, "morphology_open_wy": 1}, 
          "type": "morphology_open"
        }, 
        {
          "settings": {"autocontrast_satur_black": 0.0, "autocontrast_satur_white": 0.1}, 
          "type": "autocontrast"
        }, 
        {
          "settings": {"height_downscale": 1.0, "width_downscale": 0.5}, 
          "type": "angle_detection"
        }
      ], 
      "settings": {}
    }, 
    "settings": {
      "default_gap_dp_cost": 0.0, 
      "default_gap_otsu_cost": 0.7, 
      "gap_bot": 7, 
      "gap_left": 8, 
      "gap_right": 15, 
      "gap_top": 8, 
      "grid_step_x": 1, 
      "grid_step_y": 1, 
      "local_otsu_window_wing": -1, 
      "rejection_threshold": 0.15, 
      "score_type": "otsu"
    }
  }, 
  "type": "dynamic"
}