{
  "mclass": "VerticalSegmentator", 
  "settings": {
    "layout": [
      {"delta_height": 50, "height": 90, "line_type": "gap"}, 
      {
        "delta_height": 10, 
        "fields": [
          {"delta_width": 35, "field_type": "gap", "width": 35}, 
          {
            "cost": 1.0, 
            "delta_width": 30, 
            "field_name": "gender", 
            "field_type": "text", 
            "is_optional": false, 
            "width": 90
          }, 
          {"delta_width": 30, "field_type": "gap", "width": 55}, 
          {
            "cost": 1.0, 
            "delta_width": 100, 
            "field_type": "text", 
            "gap_bot": 15, 
            "gap_top": 15, 
            "is_optional": false, 
            "width": 200
          }, 
          {"delta_width": 150, "field_type": "gap", "width": 650}
        ], 
        "height": 25, 
        "line_type": "text"
      }, 
      {"delta_height": 30, "height": 30, "line_type": "gap"}, 
      {
        "delta_height": 10, 
        "fields": [
          {"delta_width": 200, "field_type": "gap", "width": 700}, 
          {
            "cost": 1.0, 
            "delta_width": 20, 
            "field_name": "birth_date", 
            "field_type": "text", 
            "is_optional": false, 
            "width": 140
          }, 
          {"delta_width": 100, "field_type": "gap", "width": 200}
        ], 
        "height": 25, 
        "line_type": "text"
      }, 
      {"delta_height": 20, "height": 90, "line_type": "gap"}, 
      {
        "delta_height": 10, 
        "fields": [
          {"delta_width": 120, "field_type": "gap", "width": 185}, 
          {
            "cost": 1.0, 
            "delta_width": 20, 
            "field_name": "number", 
            "field_type": "text", 
            "is_optional": false, 
            "width": 135
          }, 
          {"delta_width": 20, "field_type": "gap", "width": 185}, 
          {
            "cost": 1.0, 
            "delta_width": 20, 
            "field_name": "expiry_date", 
            "field_type": "text", 
            "is_optional": false, 
            "width": 145
          }, 
          {"delta_width": 120, "field_type": "gap", "width": 355}
        ], 
        "height": 25, 
        "line_type": "text"
      }, 
      {"delta_height": 20, "height": 50, "line_type": "gap"}
    ], 
    "preprocessing": {
      "processing_steps": [
        {"settings": {"blink_removing_percent": 0.1}, "type": "blink_removing"}, 
        {
          "settings": {"background_closing_wx": 5, "background_closing_wy": 5}, 
          "type": "background_closing"
        }, 
        {
          "settings": {"morphology_open_wx": 8, "morphology_open_wy": 2}, 
          "type": "morphology_open"
        }, 
        {
          "settings": {"morphology_close_wx": 0, "morphology_close_wy": 2}, 
          "type": "morphology_close"
        }, 
        {
          "settings": {
            "autocontrast_satur_black": 0.01, 
            "autocontrast_satur_white": 0.3
          }, 
          "type": "autocontrast"
        }, 
        {
          "settings": {"height_downscale": 1.0, "width_downscale": 0.5}, 
          "type": "angle_detection"
        }
      ], 
      "settings": {}
    }, 
    "settings": {
      "default_gap_dp_cost": 0.0, 
      "default_gap_otsu_cost": 0.7, 
      "gap_bot": 6, 
      "gap_left": 5, 
      "gap_right": 10, 
      "gap_top": 6, 
      "grid_step_x": 1, 
      "grid_step_y": 1, 
      "local_otsu_window_wing": -1, 
      "rejection_threshold": 0.15, 
      "score_type": "otsu"
    }
  }, 
  "type": "dynamic"
}