{
  "mclass": "VerticalSegmentator", 
  "settings": {
    "layout": [
      {"delta_height": 30, "height": 90, "line_type": "gap"}, 
      {
        "delta_height": 10, 
        "fields": [
          {"delta_width": 20, "field_type": "gap", "width": 300}, 
          {
            "cost": 1.0, 
            "delta_width": 20, 
            "field_name": "id_number", 
            "field_type": "text", 
            "is_optional": false, 
            "width": 240
          }, 
          {"delta_width": 20, "field_type": "gap", "width": 90}
        ], 
        "height": 25, 
        "line_type": "text"
      }, 
      {"delta_height": 30, "height": 120, "line_type": "gap"}, 
      {
        "delta_height": 10, 
        "fields": [
          {"delta_width": 450, "field_type": "gap", "width": 450}, 
          {
            "cost": 1.0, 
            "delta_width": 400, 
            "field_name": "name", 
            "field_type": "text", 
            "gap_bot": 8, 
            "gap_left": 32, 
            "gap_right": 15, 
            "is_optional": false, 
            "width": 450
          }, 
          {"delta_width": 20, "field_type": "gap", "width": 140}
        ], 
        "height": 35, 
        "line_type": "text"
      }, 
      {"delta_height": 20, "height": 25, "line_type": "gap"}, 
      {
        "delta_height": 10, 
        "fields": [
          {"delta_width": 450, "field_type": "gap", "width": 450}, 
          {
            "cost": 0.6, 
            "delta_width": 400, 
            "field_name": "name2", 
            "field_type": "text", 
            "gap_left": 20, 
            "gap_right": 20, 
            "is_optional": true, 
            "width": 450
          }, 
          {"delta_width": 40, "field_type": "gap", "width": 150}
        ], 
        "height": 35, 
        "line_type": "text"
      }, 
      {"delta_height": 18, "height": 20, "line_type": "gap"}, 
      {
        "delta_height": 10, 
        "fields": [
          {"delta_width": 20, "field_type": "gap", "width": 90}, 
          {
            "cost": 1.0, 
            "delta_width": 400, 
            "field_name": "name_eng", 
            "field_type": "text", 
            "is_optional": false, 
            "width": 450
          }, 
          {"delta_width": 450, "field_type": "gap", "width": 450}
        ], 
        "height": 25, 
        "line_type": "text"
      }, 
      {"delta_height": 20, "height": 25, "line_type": "gap"}, 
      {
        "delta_height": 10, 
        "fields": [
          {"delta_width": 20, "field_type": "gap", "width": 90}, 
          {
            "cost": 0.6, 
            "delta_width": 400, 
            "field_name": "name_eng2", 
            "field_type": "text", 
            "is_optional": true, 
            "width": 450
          }, 
          {"delta_width": 450, "field_type": "gap", "width": 450}
        ], 
        "height": 25, 
        "line_type": "text"
      }, 
      {"delta_height": 18, "height": 20, "line_type": "gap"}, 
      {
        "delta_height": 10, 
        "fields": [
          {"delta_width": 450, "field_type": "gap", "width": 450}, 
          {
            "cost": 1.0, 
            "delta_width": 400, 
            "field_name": "nationality", 
            "field_type": "text", 
            "gap_left": 20, 
            "is_optional": false, 
            "width": 450
          }, 
          {"delta_width": 20, "field_type": "gap", "width": 165}
        ], 
        "height": 35, 
        "line_type": "text"
      }, 
      {"delta_height": 18, "height": 20, "line_type": "gap"}, 
      {
        "delta_height": 10, 
        "fields": [
          {"delta_width": 20, "field_type": "gap", "width": 140}, 
          {
            "cost": 1.0, 
            "delta_width": 420, 
            "field_name": "nationality_eng", 
            "field_type": "text", 
            "is_optional": false, 
            "width": 450
          }, 
          {"delta_width": 450, "field_type": "gap", "width": 450}
        ], 
        "height": 25, 
        "line_type": "text"
      }, 
      {"delta_height": 30, "height": 50, "line_type": "gap"}
    ], 
    "preprocessing": {
      "processing_steps": [
        {"settings": {"blink_removing_percent": 0.1}, "type": "blink_removing"}, 
        {
          "settings": {"background_closing_wx": 5, "background_closing_wy": 5}, 
          "type": "background_closing"
        }, 
        {
          "settings": {"morphology_open_wx": 5, "morphology_open_wy": 0}, 
          "type": "morphology_open"
        }, 
        {
          "settings": {
            "autocontrast_satur_black": 0.05, 
            "autocontrast_satur_white": 0.05
          }, 
          "type": "autocontrast"
        }, 
        {
          "settings": {"height_downscale": 1.0, "width_downscale": 0.5}, 
          "type": "angle_detection"
        }
      ], 
      "settings": {}
    }, 
    "settings": {
      "default_gap_dp_cost": 0.0, 
      "default_gap_otsu_cost": 0.7, 
      "gap_bot": 5, 
      "gap_left": 5, 
      "gap_right": 10, 
      "gap_top": 5, 
      "grid_step_x": 1, 
      "grid_step_y": 1, 
      "local_otsu_window_wing": -1, 
      "rejection_threshold": 0.15, 
      "score_type": "otsu"
    }
  }, 
  "type": "dynamic"
}