{
  "mclass": "VerticalSegmentator", 
  "settings": {
    "layout": [
      {"delta_height": 75, "height": 75, "line_type": "gap"}, 
      {
        "delta_height": 10, 
        "fields": [
          {"delta_width": 40, "field_type": "gap", "width": 40}, 
          {
            "cost": 1.0, 
            "delta_width": 20, 
            "field_name": "type", 
            "field_type": "text", 
            "is_optional": false, 
            "width": 40
          }, 
          {"delta_width": 50, "field_type": "gap", "width": 480}, 
          {
            "cost": 1.0, 
            "delta_width": 40, 
            "field_name": "number", 
            "field_type": "text", 
            "is_optional": false, 
            "width": 150
          }, 
          {"delta_width": 80, "field_type": "gap", "width": 280}
        ], 
        "height": 30, 
        "line_type": "text"
      }, 
      {"delta_height": 15, "height": 50, "line_type": "gap"}, 
      {
        "delta_height": 10, 
        "fields": [
          {"delta_width": 720, "field_type": "gap", "width": 770}, 
          {
            "cost": 1.0, 
            "delta_width": 620, 
            "field_name": "name", 
            "field_type": "text", 
            "gap_left": 30, 
            "gap_right": 20, 
            "is_optional": false, 
            "width": 770
          }, 
          {"delta_width": 200, "field_type": "gap", "width": 200}
        ], 
        "height": 25, 
        "line_type": "text"
      }, 
      {"delta_height": 20, "height": 60, "line_type": "gap"}, 
      {
        "delta_height": 10, 
        "fields": [
          {"delta_width": 40, "field_type": "gap", "width": 40}, 
          {
            "cost": 1.0, 
            "delta_width": 800, 
            "field_name": "name_eng", 
            "field_type": "text", 
            "is_optional": false, 
            "width": 845
          }, 
          {"delta_width": 811, "field_type": "gap", "width": 811}
        ], 
        "height": 30, 
        "line_type": "text"
      }, 
      {"delta_height": 20, "height": 60, "line_type": "gap"}, 
      {
        "delta_height": 10, 
        "fields": [
          {"delta_width": 40, "field_type": "gap", "width": 40}, 
          {
            "cost": 0.6, 
            "delta_width": 800, 
            "field_name": "nationality_eng", 
            "field_type": "text", 
            "is_optional": true, 
            "width": 845
          }, 
          {"delta_width": 790, "field_type": "gap", "width": 800}, 
          {
            "cost": 0.6, 
            "delta_width": 300, 
            "field_name": "nationality", 
            "field_type": "text", 
            "gap_left": 30, 
            "is_optional": true, 
            "width": 300
          }, 
          {"delta_width": 300, "field_type": "gap", "width": 300}
        ], 
        "height": 30, 
        "line_type": "text"
      }, 
      {"delta_height": 12, "height": 46, "line_type": "gap"}, 
      {
        "delta_height": 10, 
        "fields": [
          {"delta_width": 50, "field_type": "gap", "width": 140}, 
          {
            "cost": 1.0, 
            "delta_width": 40, 
            "field_name": "birth_date", 
            "field_type": "text", 
            "is_optional": false, 
            "width": 150
          }, 
          {"delta_width": 100, "field_type": "gap", "width": 200}, 
          {
            "cost": 1.0, 
            "delta_width": 30, 
            "field_name": "gender", 
            "field_type": "text", 
            "is_optional": false, 
            "width": 40
          }, 
          {"delta_width": 100, "field_type": "gap", "width": 500}
        ], 
        "height": 30, 
        "line_type": "text"
      }, 
      {"delta_height": 12, "height": 55, "line_type": "gap"}, 
      {
        "delta_height": 10, 
        "fields": [
          {"delta_width": 40, "field_type": "gap", "width": 40}, 
          {
            "cost": 1.0, 
            "delta_width": 800, 
            "field_name": "birth_place_eng", 
            "field_type": "text", 
            "is_optional": false, 
            "width": 845
          }, 
          {"delta_width": 790, "field_type": "gap", "width": 800}, 
          {
            "cost": 1.0, 
            "delta_width": 200, 
            "field_name": "birth_place", 
            "field_type": "text", 
            "gap_left": 30, 
            "is_optional": false, 
            "width": 200
          }, 
          {"delta_width": 200, "field_type": "gap", "width": 200}
        ], 
        "height": 30, 
        "line_type": "text"
      }, 
      {"delta_height": 12, "height": 55, "line_type": "gap"}, 
      {
        "delta_height": 10, 
        "fields": [
          {"delta_width": 100, "field_type": "gap", "width": 200}, 
          {
            "cost": 1.0, 
            "delta_width": 40, 
            "field_name": "expiry_date", 
            "field_type": "text", 
            "is_optional": false, 
            "width": 150
          }, 
          {"delta_width": 80, "field_type": "gap", "width": 300}, 
          {
            "cost": 1.0, 
            "delta_width": 40, 
            "field_name": "issue_date", 
            "field_type": "text", 
            "is_optional": false, 
            "width": 150
          }, 
          {"delta_width": 100, "field_type": "gap", "width": 300}
        ], 
        "height": 30, 
        "line_type": "text"
      }, 
      {"delta_height": 15, "height": 60, "line_type": "gap"}, 
      {
        "delta_height": 10, 
        "fields": [
          {"delta_width": 35, "field_type": "gap", "width": 35}, 
          {
            "cost": 1.0, 
            "delta_width": 125, 
            "field_name": "authority_eng", 
            "field_type": "text", 
            "is_optional": false, 
            "width": 135
          }, 
          {"delta_width": 550, "field_type": "gap", "width": 600}, 
          {
            "cost": 1.0, 
            "delta_width": 220, 
            "field_name": "authority", 
            "field_type": "text", 
            "gap_left": 30, 
            "is_optional": false, 
            "width": 230
          }, 
          {"delta_width": 620, "field_type": "gap", "width": 620}
        ], 
        "height": 30, 
        "line_type": "text"
      }, 
      {"delta_height": 80, "height": 80, "line_type": "gap"}
    ], 
    "preprocessing": {
      "processing_steps": [
        {"settings": {"blink_removing_percent": 0.1}, "type": "blink_removing"}, 
        {
          "settings": {"background_closing_wx": 8, "background_closing_wy": 8}, 
          "type": "background_closing"
        }, 
        {
          "settings": {"morphology_open_wx": 20, "morphology_open_wy": 1}, 
          "type": "morphology_open"
        }, 
        {
          "settings": {"autocontrast_satur_black": 0.0, "autocontrast_satur_white": 0.1}, 
          "type": "autocontrast"
        }, 
        {
          "settings": {"height_downscale": 1.0, "width_downscale": 0.5}, 
          "type": "angle_detection"
        }
      ], 
      "settings": {}
    }, 
    "settings": {
      "default_gap_dp_cost": 0.0, 
      "default_gap_otsu_cost": 0.7, 
      "gap_bot": 7, 
      "gap_left": 13, 
      "gap_right": 15, 
      "gap_top": 8, 
      "grid_step_x": 1, 
      "grid_step_y": 1, 
      "local_otsu_window_wing": -1, 
      "rejection_threshold": 0.15, 
      "score_type": "otsu"
    }
  }, 
  "type": "dynamic"
}