{
  "mclass": "VerticalSegmentator", 
  "settings": {
    "layout": [
      {"delta_height": 55, "height": 65, "line_type": "gap"}, 
      {
        "delta_height": 6, 
        "fields": [
          {"delta_width": 185, "field_type": "gap", "width": 185}, 
          {
            "cost": 1.0, 
            "delta_width": 185, 
            "field_name": "issue_place", 
            "gap_left": 25, 
            "field_type": "text", 
            "is_optional": false, 
            "width": 185
          }, 
          {"delta_width": 15, "field_type": "gap", "width": 50}
        ], 
        "height": 23, 
        "line_type": "text"
      }, 
      {"delta_height": 10, "height": 15, "line_type": "gap"},
      {
        "delta_height": 6, 
        "fields": [
          {"delta_width": 120, "field_type": "gap", "width": 120}, 
          {
            "cost": 1.0, 
            "delta_width": 160, 
            "field_name": "issue_place_eng", 
            "field_type": "text", 
            "is_optional": false, 
            "width": 190
          }, 
          {"delta_width": 120, "field_type": "gap", "width": 120}
        ], 
        "height": 21, 
        "line_type": "text"
      }, 
      {"delta_height": 100, "height": 100, "line_type": "gap"}
    ], 
    "preprocessing": {
      "processing_steps": [
        {"settings": {"blink_removing_percent": 0.1}, "type": "blink_removing"}, 
        {
          "settings": {"background_closing_wx": 4, "background_closing_wy": 4}, 
          "type": "background_closing"
        }, 
        {
          "settings": {"morphology_open_wx": 15, "morphology_open_wy": 3}, 
          "type": "morphology_open"
        }, 
        {
          "settings": {"morphology_close_wx": 0, "morphology_close_wy": 3}, 
          "type": "morphology_close"
        }, 
        {
          "settings": {"autocontrast_satur_black": 0.0, "autocontrast_satur_white": 0.1}, 
          "type": "autocontrast"
        }, 
        {
          "settings": {"height_downscale": 1.0, "width_downscale": 0.5}, 
          "type": "angle_detection"
        }
      ], 
      "settings": {}
    }, 
    "settings": {
      "default_gap_dp_cost": 0.0, 
      "default_gap_otsu_cost": 0.7, 
      "gap_bot": 7, 
      "gap_left": 13, 
      "gap_right": 15, 
      "gap_top": 8, 
      "grid_step_x": 1, 
      "grid_step_y": 1, 
      "local_otsu_window_wing": -1, 
      "rejection_threshold": 0.15, 
      "score_type": "otsu"
    }
  }, 
  "type": "dynamic"
}