{
  "mclass": "VerticalSegmentator", 
  "settings": {
    "layout": [
      {"delta_height": 35, "height": 40, "line_type": "gap"}, 
      {
        "delta_height": 5, 
        "fields": [
          {"delta_width": 800, "field_type": "gap", "width": 800}, 
          {
            "cost": 1.0, 
            "delta_width": 650, 
            "field_name": "name", 
            "gap_left": 25, 
            "field_type": "text", 
            "is_optional": false, 
            "width": 800
          }, 
          {"delta_width": 10, "field_type": "gap", "width": 25}
        ], 
        "height": 25, 
        "line_type": "text"
      }, 
      {"delta_height": 6, "height": 7, "line_type": "gap"}, 
      {
        "delta_height": 6, 
        "fields": [
          {"delta_width": 750, "field_type": "gap", "width": 750}, 
          {
            "cost": 1.0, 
            "delta_width": 780, 
            "field_name": "name_eng", 
            "field_type": "text", 
            "is_optional": false, 
            "width": 780
          }, 
          {"delta_width": 750, "field_type": "gap", "width": 750}
        ], 
        "height": 21, 
        "line_type": "text"
      }, 
      {"delta_height": 10, "height": 15, "line_type": "gap"}, 
      {
        "delta_height": 5, 
        "fields": [
          {"delta_width": 600, "field_type": "gap", "width": 800}, 
          {
            "cost": 1.0, 
            "delta_width": 150, 
            "field_name": "profession", 
            "gap_left": 25, 
            "field_type": "text", 
            "is_optional": false, 
            "width": 200
          }, 
          {"delta_width": 15, "field_type": "gap", "width": 35}
        ], 
        "height": 25, 
        "line_type": "text"
      }, 
      {"delta_height": 5, "height": 5, "line_type": "gap"},
      {
        "delta_height": 6, 
        "fields": [
          {"delta_width": 750, "field_type": "gap", "width": 750}, 
          {
            "cost": 1.0, 
            "delta_width": 780, 
            "field_name": "profession_eng", 
            "field_type": "text", 
            "is_optional": false, 
            "width": 780
          }, 
          {"delta_width": 750, "field_type": "gap", "width": 750}
        ], 
        "height": 21, 
        "line_type": "text"
      }, 
      {"delta_height": 5, "height": 10, "line_type": "gap"}, 
      {
        "delta_height": 5, 
        "fields": [
          {"delta_width": 250, "field_type": "gap", "width": 260}, 
          {
            "cost": 1.0, 
            "delta_width": 200, 
            "field_name": "sponsor", 
            "gap_left": 25, 
            "field_type": "text", 
            "is_optional": false, 
            "width": 800
          }, 
          {"delta_width": 8, "field_type": "gap", "width": 10}
        ], 
        "height": 25, 
        "line_type": "text"
      }, 
      {"delta_height": 6, "height": 7, "line_type": "gap"},
      {
        "delta_height": 6, 
        "fields": [
          {"delta_width": 750, "field_type": "gap", "width": 750}, 
          {
            "cost": 1.0, 
            "delta_width": 780, 
            "field_name": "sponsor_eng", 
            "field_type": "text", 
            "is_optional": false, 
            "width": 780
          }, 
          {"delta_width": 750, "field_type": "gap", "width": 750}
        ], 
        "height": 21, 
        "line_type": "text"
      }, 
      {"delta_height": 20, "height": 25, "line_type": "gap"}, 
      {
        "delta_height": 6, 
        "fields": [
          {"delta_width": 120, "field_type": "gap", "width": 220}, 
          {
            "cost": 1.0, 
            "delta_width": 40, 
            "field_name": "expiry_date", 
            "field_type": "text", 
            "is_optional": false, 
            "width": 185
          }, 
          {"delta_width": 80, "field_type": "gap", "width": 260}, 
          {
            "cost": 1.0, 
            "delta_width": 40, 
            "field_name": "issue_date", 
            "field_type": "text", 
            "is_optional": false, 
            "width": 185
          }, 
          {"delta_width": 100, "field_type": "gap", "width": 120}
        ], 
        "height": 26, 
        "line_type": "text"
      }, 
      {"delta_height": 70, "height": 70, "line_type": "gap"}
    ], 
    "preprocessing": {
      "processing_steps": [
        {"settings": {"blink_removing_percent": 0.1}, "type": "blink_removing"}, 
        {
          "settings": {"background_closing_wx": 4, "background_closing_wy": 4}, 
          "type": "background_closing"
        }, 
        {
          "settings": {"morphology_open_wx": 24, "morphology_open_wy": 1}, 
          "type": "morphology_open"
        }, 
        {
          "settings": {"morphology_close_wx": 0, "morphology_close_wy": 2}, 
          "type": "morphology_close"
        }, 
        {
          "settings": {"autocontrast_satur_black": 0.0, "autocontrast_satur_white": 0.1}, 
          "type": "autocontrast"
        }, 
        {
          "settings": {"height_downscale": 1.0, "width_downscale": 0.5}, 
          "type": "angle_detection"
        }
      ], 
      "settings": {}
    }, 
    "settings": {
      "default_gap_dp_cost": 0.0, 
      "default_gap_otsu_cost": 0.7, 
      "gap_bot": 7, 
      "gap_left": 13, 
      "gap_right": 15, 
      "gap_top": 8, 
      "grid_step_x": 1, 
      "grid_step_y": 1, 
      "local_otsu_window_wing": -1, 
      "rejection_threshold": 0.15, 
      "score_type": "otsu"
    }
  }, 
  "type": "dynamic"
}