{
  "mclass": "VerticalSegmentator", 
  "settings": {
    "layout": [
        {"delta_height": 30, "height": 30, "line_type": "gap"}, 
        {
          "delta_height": 10, 
          "fields": [
            {"delta_width": 750, "field_type": "gap", "width": 750}, 
            {
              "cost": 1.0, 
              "delta_width": 750, 
              "field_name": "name", 
              "gap_left": 25,
              "field_type": "text", 
              "is_optional": false, 
              "width": 750
            }, 
            {"delta_width": 60, "field_type": "gap", "width": 130}
          ], 
          "height": 30, 
          "line_type": "text"
        }, 
        {"delta_height": 15, "height": 30, "line_type": "gap"}, 
        {
          "delta_height": 10, 
          "fields": [
            {"delta_width": 90, "field_type": "gap", "width": 100}, 
            {
              "cost": 1.0, 
              "delta_width": 650, 
              "field_name": "name_eng", 
              "field_type": "text", 
              "is_optional": false, 
              "width": 760
            }, 
            {"delta_width": 600, "field_type": "gap", "width": 600}
          ], 
          "height": 25, 
          "line_type": "text"
        }, 
        {"delta_height": 20, "height": 30, "line_type": "gap"}, 
        {
          "delta_height": 10, 
          "fields": [
            {"delta_width": 150, "field_type": "gap", "width": 500}, 
            {
              "cost": 1.0, 
              "delta_width": 40, 
              "field_name": "field0", 
              "gap_left": 25, 
              "field_type": "text", 
              "is_optional": false, 
              "width": 140
            }, 
            {"delta_width": 30, "field_type": "gap", "width": 50},
            {
              "cost": 1.0, 
              "delta_width": 20, 
              "field_name": "number", 
              "field_type": "text", 
              "is_optional": false, 
              "width": 120
            }, 
            {"delta_width": 20, "field_type": "gap", "width": 200}
          ], 
          "height": 25, 
          "line_type": "text"
        }, 
        {"delta_height": 20, "height": 40, "line_type": "gap"}, 
        {
          "delta_height": 10, 
          "fields": [
            {"delta_width": 20, "field_type": "gap", "width": 370}, 
            {
              "cost": 1.0, 
              "delta_width": 20, 
              "field_name": "id_number", 
              "field_type": "text", 
              "is_optional": false, 
              "width": 200
            }, 
            {"delta_width": 20, "field_type": "gap", "width": 300}
          ], 
          "height": 25, 
          "line_type": "text"
        }, 
        {"delta_height": 15, "height": 30, "line_type": "gap"}, 
        {
          "delta_height": 10, 
          "fields": [
            {"delta_width": 430, "field_type": "gap", "width": 730}, 
            {
              "cost": 1.0, 
              "delta_width": 350, 
              "field_name": "profession", 
              "gap_left": 25,
              "field_type": "text", 
              "is_optional": false, 
              "width": 450
            }, 
            {"delta_width": 200, "field_type": "gap", "width": 300}
          ], 
          "height": 30, 
          "line_type": "text"
        }, 
        {"delta_height": 10, "height": 30, "line_type": "gap"}, 
        {
          "delta_height": 10, 
          "fields": [
            {"delta_width": 430, "field_type": "gap", "width": 730}, 
            {
              "cost": 1.0, 
              "delta_width": 350, 
              "field_name": "nationality", 
              "gap_left": 25,
              "field_type": "text", 
              "is_optional": false, 
              "width": 450
            }, 
            {"delta_width": 200, "field_type": "gap", "width": 300}
          ], 
          "height": 30, 
          "line_type": "text"
        }, 
        {"delta_height": 10, "height": 30, "line_type": "gap"}, 
        {
          "delta_height": 10, 
          "fields": [
            {"delta_width": 530, "field_type": "gap", "width": 730}, 
            {
              "cost": 1.0, 
              "delta_width": 450, 
              "field_name": "authority", 
              "gap_left": 25,
              "field_type": "text", 
              "is_optional": false, 
              "width": 550
            }, 
            {"delta_width": 200, "field_type": "gap", "width": 300}
          ], 
          "height": 30, 
          "line_type": "text"
        }, 
        {"delta_height": 15, "height": 25, "line_type": "gap"}, 
        {
          "delta_height": 10, 
          "fields": [
            {"delta_width": 60, "field_type": "gap", "width": 360}, 
            {
              "cost": 1.0, 
              "delta_width": 550, 
              "field_name": "authority_eng", 
              "field_type": "text", 
              "is_optional": false, 
              "width": 600
            }, 
            {"delta_width": 500, "field_type": "gap", "width": 500}
          ], 
          "height": 25, 
          "line_type": "text"
        }, 
        {"delta_height": 40, "height": 50, "line_type": "gap"}
      ], 
      "preprocessing": {
        "processing_steps": [
          {"settings": {"blink_removing_percent": 0.1}, "type": "blink_removing"}, 
          {
            "settings": {"background_closing_wx": 4, "background_closing_wy": 4}, 
            "type": "background_closing"
          }, 
          {
            "settings": {"morphology_open_wx": 15, "morphology_open_wy": 4}, 
            "type": "morphology_open"
          }, 
          {
            "settings": {
              "autocontrast_satur_black": 0.01, 
              "autocontrast_satur_white": 0.103
            }, 
            "type": "autocontrast"
          }, 
          {
            "settings": {"height_downscale": 1.0, "width_downscale": 0.5}, 
            "type": "angle_detection"
          }
        ], 
        "settings": {}
      }, 
    "settings": {
      "default_gap_dp_cost": 0.0, 
      "default_gap_otsu_cost": 0.7, 
      "gap_bot": 3, 
      "gap_left": 5, 
      "gap_right": 20, 
      "gap_top": 5, 
      "grid_step_x": 1, 
      "grid_step_y": 1, 
      "local_otsu_window_wing": -1, 
      "rejection_threshold": 0.15, 
      "score_type": "otsu"
    }
  }, 
  "type": "dynamic"
}