{
  "__type__": "mrz.ecu.id",
  "doc_type": "Travel_Document_ECU",
  "pattern": [
    "^*****************************",
    "######x######@@@**************",
    "******************************"
  ],
  "layout": [
    "DDCCC#########OOOOOOOOOOOOOOOO",
    "BBBBBBSVVVVVVEEEUUUUUUUUUUUUUU",
    "NNNNNNNNNNNNNNNNNNNNNNNNNNNNNN"
  ],
  "layout_legend": {
    "D": "doc_type_code_mrz",
    "C": "issuer_mrz",
    "#": "number_mrz",
    "O": "opt_data_1_mrz",
    "B": "birth_date_mrz",
    "S": "gender_mrz",
    "V": "expiry_date_mrz",
    "E": "nationality_mrz",
    "U": "opt_data_2_mrz",
    "N": "name_mrz"
  },
  "postprocessing": [
    {
      "field": "issuer_mrz",
      "postprocessor": "mrz_field_postprocessors/wrdgen_country.json"
    },
    { 
      "field": "doc_type_code_mrz",
      "postprocessor": "mrz_field_postprocessors/wrdgen_doc_code_td.json" 
    },
    {
      "field": "birth_date_mrz",
      "postprocessor": "mrz_field_postprocessors/new_number_postprocessor.json"
    },
    {
      "field": "gender_mrz",
      "postprocessor": "mrz_field_postprocessors/new_gender.json"
    },
    {
      "field": "expiry_date_mrz",
      "postprocessor": "mrz_field_postprocessors/new_number_postprocessor.json"
    },
    {
      "field": "nationality_mrz",
      "postprocessor": "mrz_field_postprocessors/wrdgen_nationality.json"
    },
    {
      "field": "name_mrz",
      "postprocessor": "mrz_field_postprocessors/new_antinumber_postprocessor.json"
    },
    {
      "field": "*",
      "postprocessor": "mrz_field_postprocessors/wrdgen_name.json"
    },
    {
      "field": "*",
      "postprocessor": "mrz_field_postprocessors/wrdgen_optdata1.json"
    },
    {
      "field": "*",
      "postprocessor": "mrz_field_postprocessors/wrdgen_optdata2.json"
    },
    {
      "field": "name_mrz",
      "postprocessor": "mrz_field_postprocessors/name_splitter.json"
    },
    {
      "field": [
        "first_name_mrz",
        "last_name_mrz",
        "nationality_mrz",
        "number_mrz",
        "opt_data_1_mrz",
        "opt_data_2_mrz",
        "issuer_mrz"
      ],
      "postprocessor": "mrz_field_postprocessors/filler_formatter.json"
    },
    {
      "field": ["formatted_number_mrz", "formatted_opt_data_1_mrz"],
      "postprocessor": "mrz_field_postprocessors/ecu_id_number_merger.json"
    },
    {
      "field": ["birth_date_mrz", "expiry_date_mrz"],
      "postprocessor": "mrz_field_postprocessors/ecu_id_renaming.json"
    },
    {
      "field": "formatted_birth_date_mrz",
      "postprocessor": "date_formatter.json"
    },
    {
      "field": "formatted_expiry_date_mrz",
      "postprocessor": "date_formatter_exp.json"
    },
    {
      "field": "*",
      "postprocessor": "validate_fields_sanity.json"
    }
  ]
}