{
  "__type__": "mrz.fra.id",
  "doc_type": "CNIS",
  "pattern": [
    "I*FRA@@@@@@@@@@@@@@@@@@@@@@@@@******",
    "####***######@@@@@@@@@@@@@@$$$$$$$x$"
  ],
  "layout": [
    "DDCCCLLLLLLLLLLLLLLLLLLLLLLLLLOOOOOO",
    "############YNNNNNNNNNNNNNNBBBBBBHSZ"
  ],
  "layout_legend": {
    "D": "doc_type_code_mrz",
    "C": "issuer_mrz",
    "L": "last_name_mrz",
    "O": "opt_data_1_mrz",
    "#": "number_mrz",
    "Y": "cd_number_mrz",
    "N": "name_mrz",
    "B": "birth_date_mrz",
    "H": "cd_birth_date_mrz",
    "S": "gender_mrz",
    "Z": "cd_composite_mrz"
  },
  "postprocessing": [
    {
      "field": "issuer_mrz",
      "postprocessor": "mrz_field_postprocessors/wrdgen_country.json"
    },
    { 
      "field": "doc_type_code_mrz",
      "postprocessor": "mrz_field_postprocessors/wrdgen_doc_code_fra_id.json" 
    },
    {
      "field": "last_name_mrz",
      "postprocessor": "mrz_field_postprocessors/new_antinumber_postprocessor.json"
    },
    {
      "field": "*",
      "postprocessor": "mrz_field_postprocessors/wrdgen_last_name.json"
    },
    {
      "field": "*",
      "postprocessor": "mrz_field_postprocessors/wrdgen_optdata1.json"
    },    
    {
      "field": "cd_number_mrz",
      "postprocessor": "mrz_field_postprocessors/new_number_postprocessor.json"
    },
    {
      "field": "*",
      "postprocessor": "mrz_field_postprocessors/wrdgen_doc_number.json"
    },
    {
      "field": "name_mrz",
      "postprocessor": "mrz_field_postprocessors/new_antinumber_postprocessor.json"
    },
    {
      "field": "cd_birth_date_mrz",
      "postprocessor": "mrz_field_postprocessors/new_number_postprocessor.json"
    },
    {
      "field": "birth_date_mrz",
      "postprocessor": "mrz_field_postprocessors/new_number_postprocessor.json"
    },
    {
      "field": "*",
      "postprocessor": "mrz_field_postprocessors/wrdgen_birth_date.json"
    },
    {
      "field": "gender_mrz",
      "postprocessor": "mrz_field_postprocessors/new_gender.json"
    },
    {
      "field": "cd_composite_mrz",
      "postprocessor": "mrz_field_postprocessors/new_digits_only_alphabet_postprocessor.json"
    },
    {
      "field": "*",
      "postprocessor": "mrz_field_postprocessors/cd_checker.json"
    },
    {
      "field": [
        "name_mrz",
        "last_name_mrz",
        "number_mrz",
        "opt_data_1_mrz",
        "issuer_mrz"
      ],
      "postprocessor": "mrz_field_postprocessors/filler_formatter.json"
    },
    {
      "field": "formatted_birth_date_mrz",
      "postprocessor": "date_formatter.json"
    },
    {
      "field": "*",
      "postprocessor": "validate_fields_sanity.json"
    }
  ]
}