{
  "ind.pancard.type1": {
    "(documentation)": {"description": "", "name": ""}, 
    "expected_templates": ["ind.pancard.type1:front"], 
    "output_fields": ["photo", "father", "name", "number", "birth_date"], 
    "postprocessors": [
      {
        "input_fields": ["birth_date"], 
        "postprocessor": ":/postprocessor/date/default_birth_date_DDMMYYYY_postprocessor.json"
      }, 
      {
        "allow_incomplete_inputs": true, 
        "input_fields": ["name0", "name1"], 
        "output_fields": ["name"], 
        "postprocessor": {
          "mclass": "Postprocessor", 
          "settings": {
            "input_fields_sequence": ["name0", "name1"], 
            "output_field": "name", 
            "separator": " "
          }, 
          "type": "merge"
        }
      }, 
      {
        "allow_incomplete_inputs": true, 
        "input_fields": ["father0", "father1"], 
        "output_fields": ["father"], 
        "postprocessor": {
          "mclass": "Postprocessor", 
          "settings": {
            "input_fields_sequence": ["father0", "father1"], 
            "output_field": "father", 
            "separator": " "
          }, 
          "type": "merge"
        }
      }
    ], 
    "rejectors": {"__default__": ":/rejector/default_loyal_rejector.json"}, 
    "templates": {
      "ind.pancard.type1:front": {"path": "tpl__ind.pancard.type1.front.json"}
    }
  }
}