{
  "ind.passport.type1": {
    "(documentation)": {
      "description": "Indian passport - lines on the background, main", 
      "name": "Indian passport"
    }, 
    "expected_templates": ["ind.passport.type1:main"], 
    "forensic_fields": [
      "check_0000000000001", 
      "check_0000000001001", 
      "check_0000000000002", 
      "check_number", 
      "check_last_name", 
      "check_name", 
      "check_gender", 
      "check_birth_date", 
      "check_expiry_date", 
      "check_cd_composite_mrz", 
      "check_cd_number_mrz", 
      "check_cd_birth_date_mrz", 
      "check_cd_opt_data_2_mrz", 
      "check_cd_expiry_date_mrz", 
      "check_1000000002002"
    ], 
    "output_fields": [
      "issue_date", 
      "last_name", 
      "name", 
      "type", 
      "last_name_eng", 
      "name_eng", 
      "photo", 
      "signature", 
      "number", 
      "expiry_date", 
      "birth_place", 
      "issue_place", 
      "birth_place_eng", 
      "issue_place_eng", 
      "gender", 
      "birth_date", 
      "nationality", 
      "nationality_eng", 
      "mrz_doc_type_code", 
      "mrz_birth_date", 
      "mrz_expiry_date", 
      "mrz_number", 
      "mrz_name", 
      "mrz_issuer", 
      "mrz_nationality", 
      "mrz_opt_data_2", 
      "mrz_last_name", 
      "mrz_line1", 
      "mrz_line2", 
      "mrz_gender", 
      "full_mrz"
    ], 
    "postprocessors": [
      ":/postprocessor/mrz/mrz_postprocessor_slot.json", 
      ":/postprocessor/mrz/mrz_convention_renaming_slot_notype.json", 
      {
        "input_fields": ["type"], 
        "postprocessor": ":/postprocessor/dict/passport_type_postprocessor.json"
      }, 
      {
        "input_fields": ["issue_date"], 
        "postprocessor": ":/postprocessor/date/default_issue_date_DDMMYYYY_postprocessor.json"
      }, 
      {
        "input_fields": ["birth_date"], 
        "postprocessor": ":/postprocessor/date/default_birth_date_DDMMYYYY_postprocessor.json"
      }, 
      {
        "input_fields": ["expiry_date"], 
        "postprocessor": ":/postprocessor/date/default_expiry_date_DDMMYYYY_postprocessor.json"
      }, 
      {
        "input_fields": ["gender"], 
        "postprocessor": ":/postprocessor/alphabet/gender_alphabet_postprocessor.json"
      }, 
      {
        "input_fields": ["issue_place"], 
        "postprocessor": "postprocessors/psp_issue_place_postprocessor.json"
      }, 
      {
        "input_fields": ["nationality"], 
        "postprocessor": "postprocessors/psp_nationality_postprocessor.json"
      }, 
      {
        "input_fields": ["issue_place_eng"], 
        "postprocessor": "postprocessors/psp_issue_place_postprocessor.json"
      }, 
      {
        "input_fields": ["nationality_eng"], 
        "postprocessor": "postprocessors/psp_nationality_postprocessor.json"
      }, 
      {
        "input_fields": ["number"], 
        "postprocessor": "postprocessors/psp_number_postprocessor.json"
      }, 
      ":/postprocessor/check_dates_postprocessor_slot.json", 
      ":/postprocessor/passport_check_mrz_fields_postprocessor_slot.json", 
      {
        "allow_incomplete_inputs": true, 
        "input_fields": [
          "last_name", 
          "name", 
          "issue_place", 
          "nationality", 
          "birth_place"
        ], 
        "output_fields": [
          "last_name", 
          "last_name_eng", 
          "name", 
          "name_eng", 
          "issue_place", 
          "issue_place_eng", 
          "nationality", 
          "nationality_eng", 
          "birth_place", 
          "birth_place_eng"
        ], 
        "postprocessor": {
          "mclass": "Postprocessor", 
          "settings": {
            "cloning_map": {
              "birth_place": "birth_place_eng", 
              "issue_place": "issue_place_eng", 
              "last_name": "last_name_eng", 
              "name": "name_eng", 
              "nationality": "nationality_eng"
            }
          }, 
          "type": "clone"
        }
      }, 
      {
        "allow_incomplete_inputs": true, 
        "input_fields": ["check_signature_presence"], 
        "output_fields": ["check_signature_presence", "check_1000000002002"], 
        "postprocessor": ":/postprocessor/fraud/signatures_check_aggregator.json"
      }
    ], 
    "rejectors": {"__default__": ":/rejector/default_loyal_rejector.json"}, 
    "templates": {
      "ind.passport.type1:main": {"path": "tpl__ind.passport.type1.main.json"}
    }
  }
}