{
  "ind.pancard.type2": {
    "(documentation)": {
      "description": "Indian PAN (emblem on the top center, front)", 
      "name": "Indian PAN"
    }, 
    "expected_templates": [], 
    "output_fields": ["photo", "number", "name", "father", "birth_date", "signature"], 
    "postprocessors": [
      {
        "input_fields": ["number"], 
        "postprocessor": "postprocessors/pan_number_postprocessor.json"
      }, 
      {
        "allow_incomplete_inputs": true, 
        "input_fields": ["name0", "name1"], 
        "output_fields": ["name"], 
        "postprocessor": {
          "mclass": "Postprocessor", 
          "settings": {
            "input_fields_sequence": ["name0", "name1"], 
            "output_field": "name", 
            "separator": " "
          }, 
          "type": "merge"
        }
      }, 
      {
        "allow_incomplete_inputs": true, 
        "input_fields": ["father0", "father1"], 
        "output_fields": ["father"], 
        "postprocessor": {
          "mclass": "Postprocessor", 
          "settings": {
            "input_fields_sequence": ["father0", "father1"], 
            "output_field": "father", 
            "separator": " "
          }, 
          "type": "merge"
        }
      }
    ], 
    "rejectors": {"__default__": ":/rejector/default_loyal_rejector.json"}, 
    "templates": {
      "ind.pancard.type2:front": {"path": "tpl__ind.pancard.type2.front.json"}
    }
  }
}