{
  "ind.aadhaar.type1": {
    "(documentation)": {
      "description": "Indian aadhaar - square card; flag on the top center; emblem on the top left, front", 
      "name": "Indian passport"
    }, 
    "expected_templates": ["ind.aadhaar.type1:front"], 
    "output_fields": [
      "name_eng", 
      "name_eng_ws",
      "name_ws",
      "father_name_eng", 
      "father_name_eng_ws",
      "father_name_ws",
      "mother_name_eng", 
      "mother_name_eng_ws",
      "mother_name_ws",
      "husband_name_eng", 
      "husband_name_eng_ws",
      "husband_name_ws",
      "birth_date", 
      "gender", 
      "mobile_number", 
      "number", 
      "vid_number", 
      "number_back", 
      "vid_number_back", 
      "address", 
      "address_ws",
      "photo"
    ], 
    "postprocessors": [
      {
        "input_fields": ["number_back"], 
        "postprocessor": ":/postprocessor/alphabet/digits_only_number_12_postprocessor.json"
      }, 
      {
        "input_fields": ["number"], 
        "postprocessor": ":/postprocessor/alphabet/digits_only_number_12_postprocessor.json"
      }, 
      {
        "input_fields": ["number_emergency"], 
        "postprocessor": ":/postprocessor/alphabet/digits_only_number_12_postprocessor.json"
      }, 
      {
        "allow_incomplete_inputs": true, 
        "input_fields": ["number", "number_emergency"], 
        "output_fields": ["number"], 
        "postprocessor": {
          "mclass": "Postprocessor", 
          "settings": {
            "input_fields_sequence": ["number", "number_emergency"], 
            "output_field": "number", 
            "separator": ""
          }, 
          "type": "merge"
        }
      }, 
      {
        "input_fields": ["number"], 
        "postprocessor": {
          "mclass": "Postprocessor", 
          "settings": {"length": 12, "substring_type": "left"}, 
          "type": "substring"
        }
      }, 
      {
        "input_fields": ["gender"], 
        "postprocessor": ":/postprocessor/dict/male_female.json"
      }, 
      {
        "input_fields": ["gender"], 
        "postprocessor": "postprocessors/aadhaar_gender_replacer.json"
      }, 
      {
        "input_fields": ["birth_date"], 
        "postprocessor": "postprocessors/aadhaar_birth_date_postprocessor.json"
      }, 
      {
        "input_fields": ["vid_number"], 
        "postprocessor": ":/postprocessor/alphabet/digits_only_number_16_postprocessor.json"
      }, 
      {
        "input_fields": ["vid_number_back"], 
        "postprocessor": ":/postprocessor/alphabet/digits_only_number_16_postprocessor.json"
      }, 
      {
        "input_fields": ["mobile_number"], 
        "postprocessor": ":/postprocessor/alphabet/digits_only_number_10_postprocessor.json"
      },
      {
        "input_fields": ["name", "name_eng", "father_name", "father_name_eng" , "mother_name", "mother_name_eng",
         "husband_name", "husband_name_eng", "address"],
        "output_fields": ["name_ws", "name_eng_ws", "father_name_ws", "father_name_eng_ws", "mother_name_ws", 
          "mother_name_eng_ws", "husband_name_ws", "husband_name_eng_ws", "address_ws"],
        "allow_incomplete_inputs": true,
        "postprocessor": {
           "mclass": "Postprocessor",
           "settings": {
             "cloning_map": {
                "name": ["script", "name_ws"],
                "father_name": ["script", "father_name_ws"],
                "mother_name": ["script", "mother_name_ws"],
                "husband_name": ["script", "husband_name_ws"],
                "address": ["script", "address_ws"],
                "name_eng": ["script", "name_eng_ws"],
                "father_name_eng": ["script", "father_name_eng_ws"],
                "mother_name_eng": ["script", "mother_name_eng_ws"],
                "husband_name_eng": ["script", "husband_name_eng_ws"]
             } 
           },
           "type": "field_atr_2_field"
        }
      }
    ], 
    "rejectors": {"__default__": ":/rejector/default_loyal_rejector.json"}, 
    "templates": {
      "ind.aadhaar.type1:back": {"path": "tpl__ind.aadhaar.type1.back.json"}, 
      "ind.aadhaar.type1:front": {"path": "tpl__ind.aadhaar.type1.front.json"}
    }
  }
}