{
  "ind.pancard.type2:front": {
    "config": "templates/ind.pancard.type2.front.common.json", 
    "expected_fields": ["number", "name"], 
    "field_group_preprocessors": {
      "lettercase_detector": {
        "workflow": {
          "mclass": "FieldGroupProcessingWorkflow", 
          "settings": {
            "fcr": {
              "autocontrast": false, 
              "layer_applier": {
                "nn_path": ":/recstr/netdata/final/synthetic/wrtsys/lc_detector.pb"
              }, 
              "scale_x": 0.75, 
              "y_padding": [0.5, 0.5]
            }, 
            "group_name": "lc", 
            "hot_pin": "S", 
            "input_fields": {
              "father0": 1.0, 
              "father1": 1.0, 
              "name0": 1.0, 
              "name1": 1.0, 
              "number": 1.0
            }, 
            "mode": "m_once", 
            "pin_translation": {" ": "spaces", "C": "caps", "S": "small"}, 
            "target_attribute": "lettercase"
          }, 
          "type": "text_props_processor"
        }
      }
    }, 
    "fields": {
      "birth_date": {
        "scale": 2.5, 
        "workflow": {
          "mclass": "FieldProcessingWorkflow", 
          "settings": {
            "custom_alphabet": "0123456789 .-/", 
            "recstr": ":/recstr/001__n0002_recstr.json"
          }, 
          "type": "common"
        }
      }, 
      "father0": {
        "scale": 2.5, 
        "workflow": "field_processors/father_tpl__ind.pancard.type1.front.json"
      }, 
      "father1": {
        "scale": 2.5, 
        "workflow": "field_processors/father_tpl__ind.pancard.type1.front.json"
      }, 
      "name0": {
        "scale": 2.5, 
        "workflow": "field_processors/father_tpl__ind.pancard.type1.front.json"
      }, 
      "name1": {
        "scale": 2.5, 
        "workflow": "field_processors/father_tpl__ind.pancard.type1.front.json"
      }, 
      "number": {
        "scale": 1.6, 
        "workflow": "field_processors/number_tpl__ind.pancard.type2.front.json"
      }, 
      "photo": {
        "workflow": {"mclass": "FieldProcessingWorkflow", "settings": {}, "type": "image"}
      }, 
      "signature": {
        "workflow": {"mclass": "FieldProcessingWorkflow", "settings": {}, "type": "image"}
      }
    }, 
    "formatters": [
      {
        "formatter": ":/postprocessor/punctuation_filter.json", 
        "input_fields": ["number"]
      }, 
      {
        "formatter": ":/postprocessor/date/default_birth_date_DDMMYYYY_formatter.json", 
        "input_fields": ["birth_date"]
      }
    ], 
    "image_integrators": {
      "__default__": ":/integrator/default_image_integrator.json", 
      "photo": ":/integrator/default_photo_integrator.json"
    }, 
    "integrators": {"number": ":/integrator/default_token_integrator.json"}, 
    "size": [856, 540], 
    "zones": {
      "data1": {
        "rect": [0, 130, 605, 405], 
        "workflow": {
          "mclass": "ZoneProcessingWorkflow", 
          "settings": {"vertsgm": "vertsgm/pan_type2_front_with_dp.json"}, 
          "type": "common"
        }
      }, 
      "photo_zone": {
        "rect": [585, 310, 270, 225], 
        "workflow": ":/photo_retriever/common_nn_photo_retriever.json"
      }, 
      "signature": {
        "rect": [315, 370, 290, 130], 
        "workflow": ":/signature_retriever/signature_retriever.json"
      }
    }
  }
}