{
  "ind.aadhaar.type1:back": {
    "config": "templates/ind.aadhaar.type1.back.common.json", 
    "expected_fields": ["number"], 
    "field_group_preprocessors": {
      "lettercase_detector": {
        "workflow": {
          "mclass": "FieldGroupProcessingWorkflow", 
          "settings": {
            "fcr": {
              "autocontrast": false, 
              "layer_applier": {
                "nn_path": ":/recstr/netdata/final/synthetic/wrtsys/lc_detector.pb"
              }, 
              "scale_x": 0.75, 
              "y_padding": [0.5, 0.5]
            }, 
            "group_name": "lc", 
            "hot_pin": "S", 
            "input_fields": {"vid_number_back": 1.0}, 
            "mode": "m_once", 
            "pin_translation": {" ": "spaces", "C": "caps", "S": "small"}, 
            "target_attribute": "lettercase"
          }, 
          "type": "text_props_processor"
        }
      }
    }, 
    "fields": {
      "number_back": {
        "scale": 1.2, 
        "workflow": {
          "mclass": "FieldProcessingWorkflow", 
          "settings": {
            "custom_alphabet": "0123456789 ", 
            "deshearer": ":/mixangler/dummy_deshearer.json", 
            "recstr": ":/recstr/001__n0033_recstr.json"
          }, 
          "type": "common"
        }
      }, 
      "vid_number_back": {
        "scale": 1.8, 
        "workflow": "field_processors/vid_number_back_tpl__ind.aadhaar.type1.back.json"
      }
    }, 
    "formatters": [
      {
        "formatter": ":/postprocessor/punctuation_filter.json", 
        "input_fields": ["number_back"]
      }, 
      {
        "formatter": "postprocessors/aadhaar_vid_number_back_cropper.json", 
        "input_fields": ["vid_number_back"]
      }, 
      {
        "formatter": ":/postprocessor/punctuation_stripper.json", 
        "input_fields": ["vid_number_back"]
      }, 
      {
        "formatter": ":/postprocessor/punctuation_filter.json", 
        "input_fields": ["vid_number_back"]
      }
    ], 
    "image_integrators": {"__default__": ":/integrator/default_image_integrator.json"}, 
    "integrators": {"__default__": ":/integrator/default_rover_integrator.json"}, 
    "size": [1000, 700], 
    "zones": {
      "number_back_zone": {
        "rect": [0, 473, 999, 226], 
        "workflow": {
          "mclass": "ZoneProcessingWorkflow", 
          "settings": {"vertsgm": "vertsgm/ind_aadhaar_number_back_zone.json"}, 
          "type": "common"
        }
      }
    }
  }
}