{
  "ind.aadhaar.type1:front": {
    "config": "templates/ind.aadhaar.type1.front.common.json", 
    "expected_fields": ["number"], 
    "field_group_preprocessors": {
      "ind_script_detector": {
        "workflow": {
          "mclass": "FieldGroupProcessingWorkflow", 
          "settings": {
            "fcr": {
              "autocontrast": false, 
              "layer_applier": {
                "nn_path": ":/recstr/netdata/final/synthetic/wrtsys/ws_detector.pb"
              }, 
              "scale_x": 0.75, 
              "y_padding": [0.5, 0.5]
            }, 
            "group_name": "fields_mws", 
            "input_fields": {
              "field0": 1.0, 
              "field1": 1.0, 
              "field2": 1.0, 
              "field3": 1.0, 
              "field4": 1.0, 
              "field5": 1.0, 
              "field6": 1.0, 
              "field7": 1.0, 
              "field8": 1.0
            }, 
            "pin_translation": {
              "A": "latin", 
              "B": "arabic", 
              "C": "sinhala", 
              "D": "bengali", 
              "E": "teluga", 
              "F": "kannada", 
              "G": "oriya", 
              "H": "malayalam", 
              "I": "gujarati", 
              "J": "tamil", 
              "K": "gurmukhi", 
              "L": "devanagari", 
              "M": "latin"
            }, 
            "target_attribute": "script"
          }, 
          "type": "text_props_processor"
        }
      }, 
      "lettercase_detector": {
        "workflow": {
          "mclass": "FieldGroupProcessingWorkflow", 
          "settings": {
            "fcr": {
              "autocontrast": false, 
              "layer_applier": {
                "nn_path": ":/recstr/netdata/final/synthetic/wrtsys/lc_detector.pb"
              }, 
              "scale_x": 0.6, 
              "y_padding": [0.6, 0.6]
            }, 
            "group_name": "lc", 
            "hot_pin": "S", 
            "input_fields": {
              "field0": 1.0, 
              "field1": 1.0, 
              "field2": 1.0, 
              "field3": 1.0, 
              "field4": 1.0, 
              "field5": 1.0, 
              "field6": 1.0, 
              "field7": 1.0, 
              "field8": 1.0, 
              "vid_number": 1.0
            }, 
            "mode": "m_once", 
            "pin_translation": {" ": "spaces", "C": "caps", "S": "small"}, 
            "target_attribute": "lettercase"
          }, 
          "type": "text_props_processor"
        }
      }
    }, 
    "fields": {
      "field0": {
        "scale": 1.7, 
        "workflow": "field_processors/field0_tpl__ind.aadhaar.type1.front.json"
      }, 
      "field1": {
        "scale": 1.7, 
        "workflow": "field_processors/field0_tpl__ind.aadhaar.type1.front.json"
      }, 
      "field2": {
        "scale": 1.7, 
        "workflow": "field_processors/field0_tpl__ind.aadhaar.type1.front.json"
      }, 
      "field3": {
        "scale": 1.7, 
        "workflow": "field_processors/field0_tpl__ind.aadhaar.type1.front.json"
      }, 
      "field4": {
        "scale": 1.7, 
        "workflow": "field_processors/field0_tpl__ind.aadhaar.type1.front.json"
      }, 
      "field5": {
        "scale": 1.7, 
        "workflow": "field_processors/field0_tpl__ind.aadhaar.type1.front.json"
      }, 
      "field6": {
        "scale": 1.7, 
        "workflow": "field_processors/field0_tpl__ind.aadhaar.type1.front.json"
      }, 
      "field7": {
        "scale": 1.7, 
        "workflow": "field_processors/field0_tpl__ind.aadhaar.type1.front.json"
      }, 
      "field8": {
        "scale": 1.7, 
        "workflow": "field_processors/field0_tpl__ind.aadhaar.type1.front.json"
      }, 
      "number": {
        "scale": 1.2, 
        "workflow": {
          "mclass": "FieldProcessingWorkflow", 
          "settings": {
            "custom_alphabet": "0123456789 ", 
            "deshearer": ":/mixangler/dummy_deshearer.json", 
            "recstr": ":/recstr/001__n0004_recstr.json"
          }, 
          "type": "common"
        }
      }, 
      "photo": {
        "workflow": {"mclass": "FieldProcessingWorkflow", "settings": {}, "type": "image"}
      }, 
      "vid_number": {
        "scale": 1.8, 
        "workflow": "field_processors/vid_number_tpl__ind.aadhaar.type1.front.json"
      }
    }, 
    "formatters": [
      {
        "allow_incomplete_inputs": true, 
        "formatter": "postprocessors/aadhaar_fields_postprocessor.json", 
        "input_fields": [
          "field0", 
          "field1", 
          "field2", 
          "field3", 
          "field4", 
          "field5", 
          "field6", 
          "field7", 
          "field8"
        ], 
        "output_fields": [
          "name_eng", 
          "father_name_eng", 
          "mother_name_eng", 
          "birth_date", 
          "gender", 
          "mobile_number", 
          "husband_name_eng", 
          "number_emergency"
        ]
      }, 
      {
        "formatter": ":/postprocessor/punctuation_filter.json", 
        "input_fields": ["number"]
      }, 
      {
        "formatter": ":/postprocessor/punctuation_filter.json", 
        "input_fields": ["number_emergency"]
      }, 
      {
        "formatter": "postprocessors/aadhaar_gender_cropper.json", 
        "input_fields": ["gender"]
      }, 
      {
        "formatter": "postprocessors/aadhaar_father_name_cropper.json", 
        "input_fields": ["father_name_eng"]
      }, 
      {
        "formatter": ":/postprocessor/punctuation_stripper.json", 
        "input_fields": ["father_name_eng"]
      }, 
      {
        "formatter": "postprocessors/aadhaar_mother_name_cropper.json", 
        "input_fields": ["mother_name_eng"]
      }, 
      {
        "formatter": ":/postprocessor/punctuation_stripper.json", 
        "input_fields": ["mother_name_eng"]
      }, 
      {
        "formatter": "postprocessors/aadhaar_husband_name_cropper.json", 
        "input_fields": ["husband_name_eng"]
      }, 
      {
        "formatter": ":/postprocessor/punctuation_stripper.json", 
        "input_fields": ["husband_name_eng"]
      }, 
      {
        "formatter": "postprocessors/aadhaar_mobile_number_cropper.json", 
        "input_fields": ["mobile_number"]
      }, 
      {
        "formatter": ":/postprocessor/punctuation_stripper.json", 
        "input_fields": ["mobile_number"]
      }, 
      {
        "formatter": "postprocessors/aadhaar_vid_number_cropper.json", 
        "input_fields": ["vid_number"]
      }, 
      {
        "formatter": ":/postprocessor/punctuation_stripper.json", 
        "input_fields": ["vid_number"]
      }, 
      {
        "formatter": ":/postprocessor/punctuation_filter.json", 
        "input_fields": ["vid_number"]
      }, 
      {
        "formatter": ":/postprocessor/spaces_filter.json", 
        "input_fields": ["birth_date"]
      }, 
      {
        "formatter": "postprocessors/aadhaar_birth_date_cropper.json", 
        "input_fields": ["birth_date"]
      }
    ], 
    "image_integrators": {
      "__default__": ":/integrator/default_image_integrator.json", 
      "photo": ":/integrator/default_photo_integrator.json"
    }, 
    "integrators": {"__default__": ":/integrator/default_rover_integrator.json"}, 
    "size": [1000, 700], 
    "zones": {
      "data_zone": {
        "rect": [236, 130, 767, 449], 
        "workflow": {
          "mclass": "ZoneProcessingWorkflow", 
          "settings": {"vertsgm": "vertsgm/ind_aadhaar_data_zone.json"}, 
          "type": "common"
        }
      }, 
      "number_zone": {
        "rect": [0, 473, 794, 226], 
        "workflow": {
          "mclass": "ZoneProcessingWorkflow", 
          "settings": {"vertsgm": "vertsgm/ind_aadhaar_number_zone.json"}, 
          "type": "common"
        }
      }, 
      "photo_zone": {
        "rect": [10, 10, 300, 600], 
        "workflow": ":/photo_retriever/common_nn_photo_retriever.json"
      }
    }
  }
}