{
  "ind.pancard.type1:front": {
    "config": "templates/ind.pancard.type1.front.common.json", 
    "expected_fields": ["father0", "name0", "number", "birth_date"], 
    "field_group_preprocessors": {
      "lettercase_detector": {
        "workflow": {
          "mclass": "FieldGroupProcessingWorkflow", 
          "settings": {
            "fcr": {
              "autocontrast": false, 
              "layer_applier": {
                "nn_path": ":/recstr/netdata/final/synthetic/wrtsys/lc_detector.pb"
              }, 
              "scale_x": 0.75, 
              "y_padding": [0.5, 0.5]
            }, 
            "group_name": "lc", 
            "hot_pin": "S", 
            "input_fields": {
              "father": 1.0, 
              "father0": 1.0, 
              "father1": 1.0, 
              "name": 1.0, 
              "name0": 1.0, 
              "name1": 1.0, 
              "number": 1.0
            }, 
            "mode": "m_once", 
            "pin_translation": {" ": "spaces", "C": "caps", "S": "small"}, 
            "target_attribute": "lettercase"
          }, 
          "type": "text_props_processor"
        }
      }
    }, 
    "fields": {
      "birth_date": {
        "scale": 1.5, 
        "workflow": {
          "mclass": "FieldProcessingWorkflow", 
          "settings": {
            "custom_alphabet": "0123456789 -/.", 
            "recstr": ":/recstr/001__n0040_recstr.json"
          }, 
          "type": "common"
        }
      }, 
      "father": {
        "scale": 1.5, 
        "workflow": "field_processors/father_tpl__ind.pancard.type1.front.json"
      }, 
      "father0": {
        "scale": 1.5, 
        "workflow": "field_processors/father_tpl__ind.pancard.type1.front.json"
      }, 
      "father1": {
        "scale": 1.5, 
        "workflow": "field_processors/father_tpl__ind.pancard.type1.front.json"
      }, 
      "name": {
        "scale": 1.5, 
        "workflow": "field_processors/father_tpl__ind.pancard.type1.front.json"
      }, 
      "name0": {
        "scale": 1.5, 
        "workflow": "field_processors/father_tpl__ind.pancard.type1.front.json"
      }, 
      "name1": {
        "scale": 1.5, 
        "workflow": "field_processors/father_tpl__ind.pancard.type1.front.json"
      }, 
      "number": {
        "scale": 1.5, 
        "workflow": "field_processors/number_tpl__ind.pancard.type1.front.json"
      }, 
      "photo": {
        "workflow": {"mclass": "FieldProcessingWorkflow", "settings": {}, "type": "image"}
      }, 
      "signature": {
        "workflow": {"mclass": "FieldProcessingWorkflow", "settings": {}, "type": "image"}
      }
    }, 
    "formatters": [], 
    "image_integrators": {
      "__default__": ":/integrator/default_image_integrator.json", 
      "photo": ":/integrator/default_photo_integrator.json"
    }, 
    "integrators": {}, 
    "size": [856, 540], 
    "zones": {
      "data_zone1": {
        "rect": [0, 140, 630, 330], 
        "workflow": {
          "mclass": "ZoneProcessingWorkflow", 
          "settings": {"vertsgm": "vertsgm/ind_pan_t1_zone1.json"}, 
          "type": "common"
        }
      }, 
      "photo_zone": {
        "rect": [620, 320, 200, 200], 
        "workflow": ":/photo_retriever/common_nn_photo_retriever.json"
      }, 
      "signature": {
        "rect": [30, 410, 420, 100], 
        "workflow": ":/signature_retriever/signature_retriever.json"
      }
    }
  }
}