{
  "ind.passport.type1:main": {
    "config": "templates/ind.passport.type1.main.common.json", 
    "expected_fields": [
      "issue_date", 
      "number", 
      "issue_place", 
      "birth_date", 
      "expiry_date", 
      "birth_place", 
      "gender", 
      "last_name", 
      "name", 
      "full_mrz", 
      "nationality", 
      "type"
    ], 
    "field_group_preprocessors": {
      "image_checks": {
        "workflow": {
          "mclass": "FieldGroupProcessingWorkflow", 
          "settings": {
            "detector": ":/signature_retriever/psp_signature_detector.json", 
            "group_name": "image_checks", 
            "input_fields": ["signature"], 
            "output_fields": ["check_signature_presence"], 
            "subtype": "signature"
          }, 
          "type": "check_image"
        }
      }, 
      "lettercase_detector": {
        "workflow": {
          "mclass": "FieldGroupProcessingWorkflow", 
          "settings": {
            "fcr": {
              "autocontrast": false, 
              "layer_applier": {
                "nn_path": ":/recstr/netdata/final/synthetic/wrtsys/lc_detector.pb"
              }, 
              "scale_x": 0.75, 
              "y_padding": [0.5, 0.5]
            }, 
            "group_name": "lc", 
            "hot_pin": "S", 
            "input_fields": {
              "birth_place": 1.0, 
              "gender": 1.0, 
              "issue_place": 1.0, 
              "last_name": 1.0, 
              "name": 1.0, 
              "nationality": 1.0, 
              "number": 1.0, 
              "type": 1.0
            }, 
            "mode": "m_once", 
            "pin_translation": {" ": "spaces", "C": "caps", "S": "small"}, 
            "target_attribute": "lettercase"
          }, 
          "type": "text_props_processor"
        }
      }
    }, 
    "fields": {
      "birth_date": {
        "scale": 2.5, 
        "workflow": {
          "mclass": "FieldProcessingWorkflow", 
          "settings": {
            "custom_alphabet": "0123456789 /", 
            "deshearer": ":/mixangler/dummy_deshearer.json", 
            "recstr": ":/recstr/001__n0108_recstr.json"
          }, 
          "type": "common"
        }
      }, 
      "birth_place": {
        "scale": 2.5, 
        "workflow": "field_processors/birth_place_tpl__ind.passport.type2.main.json"
      }, 
      "check_signature_presence": {
        "workflow": {"mclass": "FieldProcessingWorkflow", "settings": {}, "type": "dummy"}
      }, 
      "expiry_date": {
        "scale": 2.5, 
        "workflow": {
          "mclass": "FieldProcessingWorkflow", 
          "settings": {
            "custom_alphabet": "0123456789 /", 
            "deshearer": ":/mixangler/dummy_deshearer.json", 
            "recstr": ":/recstr/001__n0108_recstr.json"
          }, 
          "type": "common"
        }
      }, 
      "gender": {
        "scale": 2.5, 
        "workflow": "field_processors/gender_tpl__ind.passport.type2.main.json"
      }, 
      "issue_date": {
        "scale": 2.5, 
        "workflow": {
          "mclass": "FieldProcessingWorkflow", 
          "settings": {
            "custom_alphabet": "0123456789 /", 
            "deshearer": ":/mixangler/dummy_deshearer.json", 
            "recstr": ":/recstr/001__n0108_recstr.json"
          }, 
          "type": "common"
        }
      }, 
      "issue_place": {
        "scale": 2.5, 
        "workflow": "field_processors/last_name_tpl__ind.passport.type2.main.json"
      }, 
      "last_name": {
        "scale": 3.0, 
        "workflow": "field_processors/last_name_tpl__ind.passport.type2.main.json"
      }, 
      "mrz_line1": {"scale": 1.2, "workflow": ":/mrz-data/mrz_field_workflow.json"}, 
      "mrz_line2": {"scale": 1.2, "workflow": ":/mrz-data/mrz_field_workflow.json"}, 
      "name": {
        "scale": 3.0, 
        "workflow": "field_processors/last_name_tpl__ind.passport.type2.main.json"
      }, 
      "nationality": {
        "scale": 2.5, 
        "workflow": "field_processors/nationality_tpl__ind.passport.type1.main.json"
      }, 
      "number": {
        "scale": 2.0, 
        "workflow": "field_processors/number_tpl__ind.passport.type2.main.json"
      }, 
      "photo": {
        "workflow": {"mclass": "FieldProcessingWorkflow", "settings": {}, "type": "image"}
      }, 
      "signature": {
        "workflow": {"mclass": "FieldProcessingWorkflow", "settings": {}, "type": "image"}
      }, 
      "type": {
        "scale": 2.5, 
        "workflow": "field_processors/type_tpl__ind.passport.type1.main.json"
      }
    }, 
    "formatters": [
      ":/postprocessor/mrz/mrz_formatter_slot_new_mrp.json", 
      {
        "formatter": ":/postprocessor/date/default_birth_date_DDMMYYYY_formatter.json", 
        "input_fields": ["birth_date"]
      }, 
      {
        "formatter": ":/postprocessor/date/default_issue_date_DDMMYYYY_formatter.json", 
        "input_fields": ["issue_date"]
      }, 
      {
        "formatter": ":/postprocessor/date/default_expiry_date_DDMMYYYY_formatter.json", 
        "input_fields": ["expiry_date"]
      }, 
      {
        "formatter": ":/postprocessor/punctuation_filter.json", 
        "input_fields": ["number"]
      }, 
      {
        "formatter": ":/postprocessor/slash_right_cropper.json", 
        "input_fields": ["nationality"]
      }
    ], 
    "image_integrators": {
      "__default__": ":/integrator/default_image_integrator.json", 
      "photo": ":/integrator/default_photo_integrator.json"
    }, 
    "integrators": {
      "__default__": ":/integrator/default_rover_integrator.json", 
      "birth_date": ":/integrator/default_token_integrator.json", 
      "check_signature_presence": ":/integrator/fraud/default_check_signatures_integrators.json", 
      "expiry_date": ":/integrator/default_token_integrator.json", 
      "full_mrz": ":/integrator/default_mrz_integrator.json", 
      "issue_date": ":/integrator/default_token_integrator.json", 
      "number": ":/integrator/default_token_integrator.json"
    }, 
    "size": [800, 560], 
    "template_integrator": {
      "config": ":/integrator/passport_template_integrator.json", 
      "integrator": ":/integrator/template_image_integrator.json"
    }, 
    "zones": {
      "mrz_zone": {
        "rect": [0, 254, 800, 306], 
        "size_override": [1200, 460], 
        "workflow": ":/mrz-data/mrz_zone_workflow_mrp.json"
      }, 
      "photo_zone": {
        "rect": [0, 50, 300, 400], 
        "workflow": ":/photo_retriever/common_nn_photo_retriever.json"
      }, 
      "signature": {
        "rect": [50, 320, 320, 110], 
        "size_override": [1120, 385], 
        "workflow": ":/signature_retriever/signature_retriever.json"
      }, 
      "type_zone": {
        "rect": [270, 75, 145, 65], 
        "workflow": {
          "mclass": "ZoneProcessingWorkflow", 
          "settings": {"vertsgm": "vertsgm/psp_type1_data_zone3_with_dp.json"}, 
          "type": "common"
        }
      }, 
      "zone1": {
        "rect": [265, 80, 530, 370], 
        "workflow": {
          "mclass": "ZoneProcessingWorkflow", 
          "settings": {"vertsgm": "vertsgm/psp_type1_data_zone1_with_dp.json"}, 
          "type": "common"
        }
      }, 
      "zone2": {
        "rect": [277, 220, 200, 61], 
        "workflow": {
          "mclass": "ZoneProcessingWorkflow", 
          "settings": {"vertsgm": "vertsgm/psp_type1_data_zone2_with_dp.json"}, 
          "type": "common"
        }
      }
    }
  }
}