{
  "are.wp.type1": {
    "(documentation)": {
      "description": "United Arab Emirates Work Permit (the emblem of United Arab Emirates on the top in the middle, bar code on the bottom in the middle, front side)", 
      "name": "United Arab Emirates Work Permit ", 
      "prado_link": "http://www.consilium.europa.eu/prado/en/prado-documents/ARE/B/O/docs-per-type.html"
    }, 
    "expected_templates": [], 
    "output_fields": [
      "photo",
      "number", 
      "name", 
      "name_eng",
      "profession",
      "id_number", 
      "authority", 
      "authority_eng",
      "nationality",
      "field0",
      "expiry_date"
    ], 
    "postprocessors": [
      {
        "input_fields": ["number"], 
        "postprocessor": ":/postprocessor/alphabet/digits_only_number_8_postprocessor.json"
      }, 
      {
        "input_fields": ["id_number"], 
        "postprocessor": ":/postprocessor/alphabet/digits_only_number_14_postprocessor.json"
      }, 
      {
        "input_fields": ["expiry_date"], 
        "postprocessor": ":/postprocessor/date/default_expiry_date_DDMMYYYY_postprocessor.json"
      },
      {
        "allow_incomplete_inputs": true,
        "postprocessor": ":/postprocessor/arab_postprocessor.json",
        "input_fields": [
          "name",
          "nationality",
          "authority",
          "profession",
          "field0"
        ]
      }
    ], 
    "rejectors": {"__default__": ":/rejector/default_agressive_rejector.json"}, 
    "templates": {"are.wp.type1:front": {"path": "tpl__are.wp.type1.front.json"}}
  }
}