{
  "are.rp.type1": {
    "(documentation)": {
      "description": "United Arab Emirates Residence Visa", 
      "name": "United Arab Emirates Residence Visa"
    }, 
    "expected_templates": [], 
    "output_fields": [
      "name",
      "issue_place",
      "field0",
      "field1",
      "profession",
      "sponsor",
      "name_eng", 
      "issue_place_eng", 
      "profession_eng", 
      "sponsor_eng", 
      "issue_date", 
      "expiry_date", 
      "id_number", 
      "number", 
      "passport_number", 
      "photo", 
      "signature"
    ], 
    "postprocessors": [
      {
        "input_fields": ["issue_date"], 
        "postprocessor": ":/postprocessor/date/default_issue_date_DDMMYYYY_postprocessor.json"
      }, 
      {
        "input_fields": ["expiry_date"], 
        "postprocessor": ":/postprocessor/date/default_expiry_date_DDMMYYYY_postprocessor.json"
      }, 
      {
        "input_fields": ["id_number"], 
        "postprocessor": ":/postprocessor/alphabet/digits_only_number_9_postprocessor.json"
      }, 
      {
        "input_fields": ["number"], 
        "postprocessor": "postprocessors/rp_number_postprocessor.json"
      },
      {
        "allow_incomplete_inputs": true,
        "postprocessor": ":/postprocessor/arab_postprocessor.json",
        "input_fields": [
          "name",
          "issue_place",
          "field0",
          "field1",
          "profession",
          "sponsor"
        ]
      }
    ], 
    "rejectors": {"__default__": ":/rejector/default_loyal_rejector.json"}, 
    "templates": {"are.rp.type1:main": {"path": "tpl__are.rp.type1.main.json"}}
  }
}