{
  "are.drvlic.type1": {
    "(documentation)": {
      "description": "United Arab Emirates driving licence (the emblem of United Arab Emirates in the top-left corner, two lines of document name, front side)", 
      "name": "United Arab Emirates driving licence"
    }, 
    "expected_templates": [], 
    "output_fields": [
      "photo", 
      "number", 
      "name",
      "name_eng", 
      "last_name_eng", 
      "first_name", 
      "middle_name", 
      "name_suffix", 
      "nationality",
      "nationality_eng", 
      "authority", 
      "issue_place",
      "issue_place_eng", 
      "birth_date", 
      "issue_date", 
      "expiry_date",
      "audit_number"
    ], 
    "postprocessors": [
      {
        "input_fields": ["authority"], 
        "postprocessor": ":/postprocessor/O0_replacer.json"
      }, 
      {
        "input_fields": ["name_eng"], 
        "output_fields": ["first_name", "middle_name", "last_name_eng", "name_suffix"], 
        "postprocessor": "postprocessors/c_name_first_middle_last_suffix_splitter.json"
      }, 
      {
        "input_fields": ["birth_date"], 
        "postprocessor": ":/postprocessor/date/default_birth_date_DDMMYYYY_postprocessor.json"
      }, 
      {
        "input_fields": ["nationality_eng"], 
        "postprocessor": "postprocessors/drvlic_nationality_eng_postprocessor .json"
      },
      {
        "input_fields": ["audit_number"], 
        "postprocessor": "postprocessors/number_postprocessor_wp.json"
      },
      {
        "input_fields": ["issue_date"], 
        "postprocessor": ":/postprocessor/date/default_issue_date_DDMMYYYY_postprocessor.json"
      }, 
      {
        "input_fields": ["expiry_date"], 
        "postprocessor": ":/postprocessor/date/default_expiry_date_DDMMYYYY_postprocessor.json"
      }, 
      {
        "allow_incomplete_inputs": true, 
        "input_fields": ["first_name", "middle_name", "name_suffix", "last_name_eng"], 
        "output_fields": ["name_eng"], 
        "postprocessor": "postprocessors/drv_full_name_merger.json"
      },
      {
        "allow_incomplete_inputs": true,
        "postprocessor": ":/postprocessor/arab_postprocessor.json",
        "input_fields": [
          "name",
          "nationality",
          "issue_place"
        ]
      }
    ], 
    "rejectors": {"__default__": ":/rejector/default_loyal_rejector.json"}, 
    "templates": {
      "are.drvlic.type1:front": {"path": "tpl__are.drvlic.type1.front.json"},
      "are.drvlic.type1:back": {"path": "tpl__are.drvlic.type1.back.json"}
    }
  }
}