{
  "are.passport.type2": {
    "(documentation)": {
      "description": "United Arab Emirates Passport (the eagle on the background on the right, main page)", 
      "name": "United Arab Emirates Passport"
    }, 
    "expected_templates": [], 
    "forensic_fields": [
      "check_0000000000001", 
      "check_0000000001001", 
      "check_0000000000002", 
      "check_number", 
      "check_last_name", 
      "check_name", 
      "check_gender", 
      "check_birth_date", 
      "check_expiry_date", 
      "check_cd_composite_mrz", 
      "check_cd_number_mrz", 
      "check_cd_birth_date_mrz", 
      "check_cd_opt_data_2_mrz", 
      "check_cd_expiry_date_mrz", 
      "check_1000000002002"
    ], 
    "output_fields": [
      "name_eng", 
      "name", 
      "number", 
      "nationality_eng", 
      "nationality", 
      "birth_date", 
      "birth_place_eng", 
      "birth_place", 
      "gender", 
      "issue_date", 
      "expiry_date", 
      "authority_eng", 
      "authority", 
      "type", 
      "photo", 
      "signature", 
      "mrz_doc_type_code", 
      "mrz_birth_date", 
      "mrz_expiry_date", 
      "mrz_number", 
      "mrz_name", 
      "mrz_issuer", 
      "mrz_nationality", 
      "mrz_opt_data_2", 
      "mrz_last_name", 
      "mrz_line1", 
      "mrz_line2", 
      "full_mrz", 
      "mrz_gender"
    ], 
    "postprocessors": [
      ":/postprocessor/mrz/mrz_postprocessor_slot.json", 
      ":/postprocessor/mrz/mrz_convention_renaming_slot_notype.json", 
      {"input_fields": ["gender"], "postprocessor": ":/postprocessor/dict/M_F.json"}, 
      {
        "input_fields": ["number"], 
        "postprocessor": "postprocessors/passport_number_postprocessor.json"
      }, 
      {
        "input_fields": ["nationality_eng"], 
        "postprocessor": "postprocessors/passport_nationality_eng_postprocessor.json"
      }, 
      {
        "input_fields": ["birth_date"], 
        "postprocessor": ":/postprocessor/date/default_birth_date_DDMMYYYY_postprocessor.json"
      }, 
      {
        "input_fields": ["issue_date"], 
        "postprocessor": ":/postprocessor/date/default_issue_date_DDMMYYYY_postprocessor.json"
      }, 
      {
        "input_fields": ["expiry_date"], 
        "postprocessor": ":/postprocessor/date/default_expiry_date_DDMMYYYY_postprocessor.json"
      }, 
      {
        "input_fields": ["type"], 
        "postprocessor": ":/postprocessor/dict/passport_type_postprocessor.json"
      }, 
      {
        "allow_incomplete_inputs": true, 
        "input_fields": ["name", "nationality", "birth_place", "authority"], 
        "postprocessor": ":/postprocessor/arab_postprocessor.json"
      }, 
      ":/postprocessor/check_dates_postprocessor_slot.json", 
      ":/postprocessor/passport_check_mrz_fields_postprocessor_slot.json", 
      {
        "allow_incomplete_inputs": true, 
        "input_fields": ["check_signature_presence"], 
        "output_fields": ["check_signature_presence", "check_1000000002002"], 
        "postprocessor": ":/postprocessor/fraud/signatures_check_aggregator.json"
      }
    ], 
    "rejectors": {"__default__": ":/rejector/default_loyal_rejector.json"}, 
    "templates": {
      "are.passport.type2:main": {"path": "tpl__are.passport.type2.main.json"}
    }
  }
}