{
  "are.drvlic.du.type1": {
    "(documentation)": {
      "description": "United Arab Emirates driving licence (the emblem of United Arab Emirates in the miidle on the top, front side)", 
      "name": "United Arab Emirates driving licence", 
      "prado_link": "https://www.consilium.europa.eu/prado/en/ARE-FO-01002/index.html"
    }, 
    "expected_templates": [], 
    "output_fields": [
      "photo", 
      "number", 
      "name",
      "name_eng", 
      "first_name", 
      "last_name_eng", 
      "middle_name", 
      "nationality", 
      "nationality_eng",
      "type_eng",
      "type",
      "issue_date", 
      "expiry_date",
      "issue_date_arab",
      "expiry_date_arab",
      "number_arab"
    ], 
    "postprocessors": [
      {
        "input_fields": ["name_eng"], 
        "output_fields": ["first_name", "middle_name", "last_name_eng", "name_suffix"], 
        "postprocessor": "postprocessors/c_name_first_middle_last_suffix_splitter.json"
      }, 
      {
        "allow_incomplete_inputs": true, 
        "input_fields": ["first_name", "middle_name", "name_suffix", "last_name_eng"], 
        "output_fields": ["name_eng"], 
        "postprocessor": "postprocessors/drv_full_name_merger.json"
      },
      {
        "input_fields": ["issue_date"], 
        "postprocessor": ":/postprocessor/date/default_issue_date_DDMMYYYY_postprocessor.json"
      }, 
      {
        "input_fields": ["expiry_date"], 
        "postprocessor": ":/postprocessor/date/default_expiry_date_DDMMYYYY_postprocessor.json"
      },
      {
        "allow_incomplete_inputs": true,
        "postprocessor": ":/postprocessor/arab_postprocessor.json",
        "input_fields": [
          "name",
          "nationality"
        ]
      }
    ], 
    "rejectors": {"__default__": ":/rejector/default_loyal_rejector.json"}, 
    "templates": {
      "are.drvlic.du.type1:front": {"path": "tpl__are.drvlic.du.type1.front.json"}
    }
  }
}