{
  "are.drvlic.type2": {
    "(documentation)": {
      "description": "United Arab Emirates driving licence (the emblem of United Arab Emirates in the top-left corner, four lines of document name, front side)", 
      "name": "United Arab Emirates driving licence"
    }, 
    "expected_templates": [], 
    "output_fields": [
      "signature",
      "authority",
      "categories",
      "photo", 
      "number", 
      "name_eng",  
      "number_back",
      "nationality_eng", 
      "birth_date", 
      "issue_date",
      "issue_place_eng", 
      "expiry_date",
      "birth_date",
      "birth_place_eng",
      "issue_date_back",
      "authority_back",
      "issue_place_eng_back"
    ], 
    "postprocessors": [
      {
        "input_fields": ["name"], 
        "output_fields": ["first_name", "middle_name", "last_name", "name_suffix"], 
        "postprocessor": ":/postprocessor/c_name_first_middle_last_suffix_splitter.json"
      }, 
      {
        "input_fields": ["birth_date"], 
        "postprocessor": ":/postprocessor/date/default_birth_date_DDMMYYYY_postprocessor.json"
      }, 
      {
        "input_fields": ["issue_date"], 
        "postprocessor": ":/postprocessor/date/default_issue_date_DDMMYYYY_postprocessor.json"
      }, 
      {
        "input_fields": ["issue_date_back"], 
        "postprocessor": ":/postprocessor/date/default_issue_date_DDMMYYYY_postprocessor.json"
      },
      {
        "input_fields": ["expiry_date"], 
        "postprocessor": ":/postprocessor/date/default_expiry_date_DDMMYYYY_postprocessor.json"
      }, 
      {
        "input_fields": ["number"], 
        "postprocessor": ":/postprocessor/alphabet/digits_only_number_7_postprocessor.json"
      }, 
      {
        "input_fields": ["number_back"], 
        "postprocessor": ":/postprocessor/alphabet/digits_only_number_7_postprocessor.json"
      }, 
      {
        "allow_incomplete_inputs": true, 
        "input_fields": ["first_name", "middle_name", "name_suffix"], 
        "output_fields": ["name"], 
        "postprocessor": ":/postprocessor/drv_full_name_merger.json"
      }
    ], 
    "rejectors": {"__default__": ":/rejector/default_loyal_rejector.json"}, 
    "templates": {
      "are.drvlic.type2:front": {"path": "tpl__are.drvlic.type2.front.json"},
      "are.drvlic.type2:back": {"path": "tpl__are.drvlic.type2.back.json"}
    }
  }
}