{
  "are.id.type1": {
    "(documentation)": {
      "description": "United Arab Emirates ID Card (the emblem of United Arab Emirates on the top in the middle, front side)", 
      "name": "United Arab Emirates ID Card", 
      "prado_link": "http://www.consilium.europa.eu/prado/en/prado-documents/ARE/B/O/docs-per-type.html"
    }, 
    "expected_templates": [], 
    "forensic_fields": [
      "check_0000000000001", 
      "check_0000000001001", 
      "check_cd_composite_mrz", 
      "check_cd_number_mrz", 
      "check_cd_birth_date_mrz", 
      "check_cd_expiry_date_mrz", 
      "check_1000000006001", 
      "check_birth_date", 
      "check_expiry_date", 
      "check_name", 
      "check_gender", 
      "check_number", 
      "check_1000000002002"
    ], 
    "output_fields": [
      "photo", 
      "number", 
      "id_number", 
      "name_eng", 
      "name", 
      "nationality_eng", 
      "nationality", 
      "birth_date", 
      "expiry_date", 
      "signature", 
      "gender", 
      "full_mrz", 
      "hologram", 
      "mrz_doc_type_code", 
      "mrz_issuer", 
      "mrz_expiry_date", 
      "mrz_opt_data_1", 
      "mrz_opt_data_2", 
      "mrz_birth_date", 
      "mrz_nationality", 
      "mrz_line3", 
      "mrz_number", 
      "mrz_line1", 
      "mrz_gender", 
      "mrz_line2", 
      "mrz_last_name", 
      "mrz_name"
    ], 
    "postprocessors": [
      ":/postprocessor/mrz/mrz_postprocessor_slot.json", 
      ":/postprocessor/mrz/mrz_convention_renaming_slot_notype.json", 
      {
        "input_fields": ["id_number"], 
        "postprocessor": "postprocessors/number_postprocessor_id.json"
      }, 
      {
        "input_fields": ["number"], 
        "postprocessor": ":/postprocessor/alphabet/digits_only_number_9_postprocessor.json"
      }, 
      {
        "input_fields": ["birth_date"], 
        "postprocessor": ":/postprocessor/date/default_birth_date_DDMMYYYY_postprocessor.json"
      }, 
      {
        "input_fields": ["expiry_date"], 
        "postprocessor": ":/postprocessor/date/default_expiry_date_DDMMYYYY_postprocessor.json"
      }, 
      {
        "input_fields": ["hologram"], 
        "output_fields": ["hologram", "check_1000000006001"], 
        "postprocessor": ":/postprocessor/fraud/fields_holo.json"
      }, 
      {
        "allow_incomplete_inputs": true, 
        "input_fields": [
          "flare_mask_page", 
          "flare_mask_page_back", 
          "number", 
          "number_back", 
          "name_eng"
        ], 
        "output_fields": ["number", "number_back", "name_eng"], 
        "postprocessor": ":/postprocessor/dummy_postprocessor.json"
      }, 
      {"input_fields": ["gender"], "postprocessor": ":/postprocessor/dict/M_F.json"}, 
      {
        "allow_incomplete_inputs": true, 
        "input_fields": ["name", "nationality"], 
        "postprocessor": ":/postprocessor/arab_postprocessor.json"
      }, 
      ":/postprocessor/check_mrz/id_check_mrz_fields_postprocessor_slot_variant01.json", 
      {
        "allow_incomplete_inputs": true, 
        "input_fields": ["check_signature_presence"], 
        "output_fields": ["check_signature_presence", "check_1000000002002"], 
        "postprocessor": ":/postprocessor/fraud/signatures_check_aggregator.json"
      }
    ], 
    "rejectors": {"__default__": ":/rejector/default_agressive_rejector.json"}, 
    "templates": {
      "are.id.type1:back": {"path": "tpl__are.id.type1.back.json"}, 
      "are.id.type1:front": {"path": "tpl__are.id.type1.front_holo.json"}
    }
  }
}