{
  "are.drvlic.aj.type1": {
    "(documentation)": {
      "description": "United Arab Emirates driving licence (the emblem of United Arab Emirates in the top-left corner)", 
      "name": "United Arab Emirates driving licence"
    }, 
    "expected_templates": [], 
    "output_fields": [
      "photo", 
      "address",
      "blood_type",
      "number",
      "name_eng", 
      "nationality_eng",
      "profession_eng", 
      "birth_date", 
      "issue_date", 
      "signature",
      "expiry_date",
      "name",
      "nationality",
      "profession",
      "issue_date_arab",
      "expiry_date_arab",
      "number_arab",
      "field0"
    ], 
    "postprocessors": [
      {
        "input_fields": ["issue_date"], 
        "postprocessor": "postprocessors/issue_date_DD_D_MMYYYY_postprocessor.json"
      }, 
      {
        "input_fields": ["expiry_date"], 
        "postprocessor": "postprocessors/expiry_date_DD_D_MMYYYY_postprocessor.json"
      },
      {
        "allow_incomplete_inputs": true,
        "postprocessor": ":/postprocessor/arab_postprocessor.json",
        "input_fields": [
          "name",
          "nationality",
          "profession",
          "field0"
        ]
      }
    ], 
    "rejectors": {"__default__": ":/rejector/default_loyal_rejector.json"}, 
    "templates": {
      "are.drvlic.aj.type1:front": {"path": "tpl__are.drvlic.aj.type1.front.json"},
      "are.drvlic.aj.type1:back": {"path": "tpl__are.drvlic.aj.type1.back.json"}
    }
  }
}