{
  "are.drvlic.uq.type1": {
    "(documentation)": {
      "description": "United Arab Emirates driving licence (the emblem of United Arab Emirates in the top-left corner)", 
      "name": "United Arab Emirates driving licence"
    }, 
    "expected_templates": [], 
    "output_fields": [
      "photo", 
      "address",
      "address_eng", 
      "blood_type", 
      "number", 
      "name_eng", 
      "first_name", 
      "last_name", 
      "middle_name", 
      "nationality", 
      "nationality_eng", 
      "profession", 
      "profession_eng", 
      "birth_date", 
      "issue_date", 
      "signature", 
      "expiry_date",
      "number_arab",
      "name",
      "nationality",
      "profession",
      "issue_date_arab",
      "expiry_date_arab"
    ], 
    "postprocessors": [
      {
        "input_fields": ["birth_date"], 
        "postprocessor": ":/postprocessor/date/default_birth_date_DDMMYYYY_postprocessor.json"
      }, 
      {
        "input_fields": ["issue_date"], 
        "postprocessor": ":/postprocessor/date/default_issue_date_DDMMYYYY_postprocessor.json"
      }, 
      {
        "input_fields": ["expiry_date"], 
        "postprocessor": ":/postprocessor/date/default_expiry_date_DDMMYYYY_postprocessor.json"
      }, 
      {
        "input_fields": ["number"], 
        "postprocessor": ":/postprocessor/alphabet/digits_only_number_5_postprocessor.json"
      }, 
      {
        "allow_incomplete_inputs": true,
        "postprocessor": ":/postprocessor/arab_postprocessor.json",
        "input_fields": [
          "name",
          "nationality",
          "profession",
          "address"
        ]
      }
    ], 
    "rejectors": {"__default__": ":/rejector/default_loyal_rejector.json"}, 
    "templates": {
      "are.drvlic.uq.type1:back": {"path": "tpl__are.drvlic.uq.type1.back.json"}, 
      "are.drvlic.uq.type1:front": {"path": "tpl__are.drvlic.uq.type1.front.json"}
    }
  }
}