{
  "are.drvlic.type1:front": {
    "config": "templates/are.drvlic.type1.front.common.json", 
    "expected_fields": [
      "name_eng", 
      "nationality_eng", 
      "number", 
      "birth_date", 
      "issue_date", 
      "expiry_date"
    ], 
    "field_group_preprocessors": {
      "lettercase_detector": {
        "workflow": {
          "mclass": "FieldGroupProcessingWorkflow", 
          "settings": {
            "fcr": {
              "autocontrast": false, 
              "layer_applier": {
                "nn_path": ":/recstr/netdata/final/synthetic/wrtsys/lc_detector.pb"
              }, 
              "scale_x": 0.75, 
              "y_padding": [0.5, 0.5]
            }, 
            "group_name": "lc", 
            "hot_pin": "S", 
            "input_fields": {
              "authority": 1.0, 
              "issue_place_eng": 1.0, 
              "name_eng": 1.0, 
              "nationality_eng": 1.0
            }, 
            "mode": "m_once", 
            "pin_translation": {" ": "spaces", "C": "caps", "S": "small"}, 
            "target_attribute": "lettercase"
          }, 
          "type": "text_props_processor"
        }
      }
    }, 
    "fields": {
      "authority": {
        "scale": 2.2, 
        "workflow": "field_processors/authority_tpl__are.drvlic.type1.front.json"
      }, 
      "birth_date": {
        "scale": 1.8, 
        "workflow": {
          "mclass": "FieldProcessingWorkflow", 
          "settings": {
            "custom_alphabet": "0123456789 -/.", 
            "recstr": ":/recstr/001__n0087_recstr.json"
          }, 
          "type": "common"
        }
      }, 
      "expiry_date": {
        "scale": 2.0, 
        "workflow": {
          "mclass": "FieldProcessingWorkflow", 
          "settings": {
            "custom_alphabet": "0123456789 -/.", 
            "recstr": ":/recstr/001__n0096_recstr.json"
          }, 
          "type": "common"
        }
      }, 
      "issue_date": {
        "scale": 2.0, 
        "workflow": {
          "mclass": "FieldProcessingWorkflow", 
          "settings": {
            "custom_alphabet": "0123456789 -/.", 
            "recstr": ":/recstr/app_001_ocrblike_spacing.json"
          }, 
          "type": "common"
        }
      }, 
      "issue_place": {
        "scale": 1.8, 
        "workflow": {
          "mclass": "FieldProcessingWorkflow", 
          "settings": {"recstr": ":/recstr/basic__arab_symb_recstr.json"}, 
          "type": "common"
        }
      }, 
      "issue_place_eng": {
        "scale": 2.0, 
        "workflow": "field_processors/issue_place_eng_tpl__are.drvlic.type1.front.json"
      }, 
      "name": {
        "scale": 1.8, 
        "workflow": {
          "mclass": "FieldProcessingWorkflow", 
          "settings": {"recstr": ":/recstr/basic__arab_symb_recstr.json"}, 
          "type": "common"
        }
      }, 
      "name_eng": {
        "scale": 2.0, 
        "workflow": "field_processors/name_eng_tpl__are.drvlic.type1.front.json"
      }, 
      "nationality": {
        "scale": 1.8, 
        "workflow": {
          "mclass": "FieldProcessingWorkflow", 
          "settings": {"recstr": ":/recstr/basic__arab_symb_recstr.json"}, 
          "type": "common"
        }
      }, 
      "nationality_eng": {
        "scale": 2.0, 
        "workflow": "field_processors/birth_place_eng_tpl__are.passport.type1.main.json"
      }, 
      "number": {
        "scale": 2.0, 
        "workflow": {
          "mclass": "FieldProcessingWorkflow", 
          "settings": {
            "custom_alphabet": "0123456789", 
            "recstr": ":/recstr/001__n0004_recstr.json"
          }, 
          "type": "common"
        }
      }, 
      "photo": {
        "workflow": {"mclass": "FieldProcessingWorkflow", "settings": {}, "type": "image"}
      }
    }, 
    "formatters": [
      {
        "formatter": ":/postprocessor/date/default_birth_date_DDMMYYYY_formatter.json", 
        "input_fields": ["birth_date"]
      }, 
      {
        "formatter": ":/postprocessor/date/default_issue_date_DDMMYYYY_formatter.json", 
        "input_fields": ["issue_date"]
      }, 
      {
        "formatter": ":/postprocessor/date/default_expiry_date_DDMMYYYY_formatter.json", 
        "input_fields": ["expiry_date"]
      }, 
      {"formatter": ":/postprocessor/spaces_filter.json", "input_fields": ["number"]}
    ], 
    "image_integrators": {
      "__default__": ":/integrator/default_image_integrator.json", 
      "photo": ":/integrator/default_photo_integrator.json"
    }, 
    "integrators": {
      "__default__": ":/integrator/default_rover_integrator.json", 
      "birth_date": ":/integrator/default_token_integrator.json", 
      "expiry_date": ":/integrator/default_token_integrator.json", 
      "issue_date": ":/integrator/default_token_integrator.json", 
      "number": ":/integrator/default_token_integrator.json"
    }, 
    "size": [856, 540], 
    "zones": {
      "auth_zone": {
        "rect": [0, 430, 195, 115], 
        "workflow": {
          "mclass": "ZoneProcessingWorkflow", 
          "settings": {"vertsgm": "vertsgm/drv_type1_auth_zone_with_dp.json"}, 
          "type": "common"
        }
      }, 
      "data_zone": {
        "rect": [195, 165, 655, 375], 
        "workflow": {
          "mclass": "ZoneProcessingWorkflow", 
          "settings": {"vertsgm": "vertsgm/drv_type1_data_zone_with_dp.json"}, 
          "type": "common"
        }
      }, 
      "iplace_zone": {
        "rect": [350, 485, 365, 60], 
        "workflow": {
          "mclass": "ZoneProcessingWorkflow", 
          "settings": {"vertsgm": "vertsgm/drv_type1_iplace_zone_with_dp.json"}, 
          "type": "common"
        }
      }, 
      "photo_zone": {
        "rect": [0, 175, 230, 255], 
        "workflow": ":/photo_retriever/common_nn_photo_retriever.json"
      }
    }
  }
}