{
  "are.rp.type1:main": {
    "config": "templates/are.rp.type1.main.common.json", 
    "expected_fields": [
      "name_eng", 
      "issue_place_eng", 
      "profession_eng", 
      "sponsor_eng", 
      "issue_date", 
      "expiry_date", 
      "id_number", 
      "number", 
      "passport_number"
    ], 
    "field_group_preprocessors": {
      "lettercase_detector": {
        "workflow": {
          "mclass": "FieldGroupProcessingWorkflow", 
          "settings": {
            "fcr": {
              "autocontrast": false, 
              "layer_applier": {
                "nn_path": ":/recstr/netdata/final/synthetic/wrtsys/lc_detector.pb"
              }, 
              "scale_x": 0.75, 
              "y_padding": [0.5, 0.5]
            }, 
            "group_name": "lc", 
            "hot_pin": "S", 
            "input_fields": {
              "issue_place_eng": 1.0, 
              "name_eng": 1.0, 
              "passport_number": 1.0, 
              "profession_eng": 1.0, 
              "sponsor_eng": 1.0
            }, 
            "mode": "m_once", 
            "pin_translation": {" ": "spaces", "C": "caps", "S": "small"}, 
            "target_attribute": "lettercase"
          }, 
          "type": "text_props_processor"
        }
      }
    }, 
    "fields": {
      "expiry_date": {
        "scale": 1.9, 
        "workflow": {
          "mclass": "FieldProcessingWorkflow", 
          "settings": {
            "custom_alphabet": "0123456789 /", 
            "recstr": ":/recstr/001__n0096_recstr.json"
          }, 
          "type": "common"
        }
      }, 
      "field0": {
        "scale": 2.0, 
        "workflow": {
          "mclass": "FieldProcessingWorkflow", 
          "settings": {
            "custom_alphabet": " اآأإبتثجحخدذرزسشصضطظعغفقكلمنهويىءؤئةﻵﻷﻹﻻﷲ", 
            "recstr": ":/recstr/basic__arab_symb_recstr.json"
          }, 
          "type": "common"
        }
      }, 
      "field1": {
        "scale": 2.0, 
        "workflow": {
          "mclass": "FieldProcessingWorkflow", 
          "settings": {
            "custom_alphabet": " اآأإبتثجحخدذرزسشصضطظعغفقكلمنهويىءؤئةﻵﻷﻹﻻﷲ", 
            "recstr": ":/recstr/basic__arab_symb_recstr.json"
          }, 
          "type": "common"
        }
      }, 
      "id_number": {
        "scale": 1.9, 
        "workflow": {
          "mclass": "FieldProcessingWorkflow", 
          "settings": {
            "custom_alphabet": " /0123456789", 
            "recstr": ":/recstr/001__n0096_recstr.json"
          }, 
          "type": "common"
        }
      }, 
      "issue_date": {
        "scale": 1.9, 
        "workflow": {
          "mclass": "FieldProcessingWorkflow", 
          "settings": {
            "custom_alphabet": "0123456789 /", 
            "recstr": ":/recstr/001__n0096_recstr.json"
          }, 
          "type": "common"
        }
      }, 
      "issue_place": {
        "scale": 1.8, 
        "workflow": {
          "mclass": "FieldProcessingWorkflow", 
          "settings": {
            "custom_alphabet": " اآأإبتثجحخدذرزسشصضطظعغفقكلمنهويىءؤئةﻵﻷﻹﻻﷲ", 
            "recstr": ":/recstr/basic__arab_symb_recstr.json"
          }, 
          "type": "common"
        }
      }, 
      "issue_place_eng": {
        "scale": 2.4, 
        "workflow": "field_processors/issue_place_eng_tpl__are.rp.type1.main.json"
      }, 
      "name": {
        "scale": 1.8, 
        "workflow": {
          "mclass": "FieldProcessingWorkflow", 
          "settings": {
            "custom_alphabet": " اآأإبتثجحخدذرزسشصضطظعغفقكلمنهويىءؤئةﻵﻷﻹﻻﷲ", 
            "recstr": ":/recstr/basic__arab_symb_recstr.json"
          }, 
          "type": "common"
        }
      }, 
      "name_eng": {
        "scale": 2.4, 
        "workflow": "field_processors/issue_place_eng_tpl__are.rp.type1.main.json"
      }, 
      "number": {
        "scale": 1.9, 
        "workflow": {
          "mclass": "FieldProcessingWorkflow", 
          "settings": {
            "custom_alphabet": " /0123456789", 
            "recstr": ":/recstr/001__n0096_recstr.json"
          }, 
          "type": "common"
        }
      }, 
      "passport_number": {
        "scale": 2.4, 
        "workflow": "field_processors/passport_number_tpl__are.rp.type1.main.json"
      }, 
      "photo": {
        "workflow": {"mclass": "FieldProcessingWorkflow", "settings": {}, "type": "image"}
      }, 
      "profession": {
        "scale": 1.8, 
        "workflow": {
          "mclass": "FieldProcessingWorkflow", 
          "settings": {
            "custom_alphabet": " اآأإبتثجحخدذرزسشصضطظعغفقكلمنهويىءؤئةﻵﻷﻹﻻﷲ", 
            "recstr": ":/recstr/basic__arab_symb_recstr.json"
          }, 
          "type": "common"
        }
      }, 
      "profession_eng": {
        "scale": 2.4, 
        "workflow": "field_processors/issue_place_eng_tpl__are.rp.type1.main.json"
      }, 
      "signature": {
        "workflow": {"mclass": "FieldProcessingWorkflow", "settings": {}, "type": "image"}
      }, 
      "sponsor": {
        "scale": 1.8, 
        "workflow": {
          "mclass": "FieldProcessingWorkflow", 
          "settings": {
            "custom_alphabet": " اآأإبتثجحخدذرزسشصضطظعغفقكلمنهويىءؤئةﻵﻷﻹﻻﷲ", 
            "recstr": ":/recstr/basic__arab_symb_recstr.json"
          }, 
          "type": "common"
        }
      }, 
      "sponsor_eng": {
        "scale": 2.4, 
        "workflow": "field_processors/issue_place_eng_tpl__are.rp.type1.main.json"
      }
    }, 
    "formatters": [
      {"formatter": ":/postprocessor/spaces_filter.json", "input_fields": ["number"]}, 
      {
        "formatter": ":/postprocessor/punctuation_filter.json", 
        "input_fields": ["id_number"]
      }, 
      {
        "formatter": ":/postprocessor/punctuation_filter.json", 
        "input_fields": ["passport_number"]
      }, 
      {
        "formatter": ":/postprocessor/strings_replacer_o0.json", 
        "input_fields": ["passport_number"]
      }, 
      {
        "formatter": ":/postprocessor/date/default_issue_date_YYYYMMDD_formatter.json", 
        "input_fields": ["issue_date"]
      }, 
      {
        "formatter": ":/postprocessor/date/default_expiry_date_YYYYMMDD_formatter.json", 
        "input_fields": ["expiry_date"]
      }
    ], 
    "image_integrators": {
      "__default__": ":/integrator/default_image_integrator.json", 
      "photo": ":/integrator/default_photo_integrator.json"
    }, 
    "integrators": {
      "__default__": ":/integrator/default_rover_integrator.json", 
      "expiry_date": ":/integrator/default_token_integrator.json", 
      "issue_date": ":/integrator/default_token_integrator.json"
    }, 
    "size": [912, 615], 
    "zones": {
      "data_zone": {
        "rect": [10, 263, 833, 223], 
        "workflow": {
          "mclass": "ZoneProcessingWorkflow", 
          "settings": {"vertsgm": "vertsgm/rp_type1_data_zone_with_dp.json"}, 
          "type": "common"
        }
      }, 
      "issue_place_zone": {
        "rect": [195, 141, 200, 154], 
        "workflow": {
          "mclass": "ZoneProcessingWorkflow", 
          "settings": {"vertsgm": "vertsgm/rp_type1_issue_place_zone_with_dp.json"}, 
          "type": "common"
        }
      }, 
      "number_zone": {
        "rect": [462, 115, 378, 166], 
        "workflow": {
          "mclass": "ZoneProcessingWorkflow", 
          "settings": {"vertsgm": "vertsgm/rp_type1_number_zone_with_dp.json"}, 
          "type": "common"
        }
      }, 
      "photo_zone": {
        "rect": [0, 124, 312, 316], 
        "workflow": ":/photo_retriever/common_nn_photo_retriever.json"
      }, 
      "signature_zone": {
        "rect": [465, 461, 363, 104], 
        "workflow": ":/signature_retriever/signature_retriever.json"
      }
    }
  }
}