{
  "are.id.type1:back": {
    "config": "templates/are.id.type1.back.common.json", 
    "expected_fields": ["number"], 
    "field_group_preprocessors": {
      "image_checks": {
        "workflow": {
          "mclass": "FieldGroupProcessingWorkflow", 
          "settings": {
            "detector": ":/signature_retriever/psp_signature_detector.json", 
            "group_name": "image_checks", 
            "input_fields": ["signature"], 
            "output_fields": ["check_signature_presence"], 
            "subtype": "signature"
          }, 
          "type": "check_image"
        }
      }, 
      "lettercase_detector": {
        "workflow": {
          "mclass": "FieldGroupProcessingWorkflow", 
          "settings": {
            "fcr": {
              "autocontrast": false, 
              "layer_applier": {
                "nn_path": ":/recstr/netdata/final/synthetic/wrtsys/lc_detector.pb"
              }, 
              "scale_x": 0.75, 
              "y_padding": [0.5, 0.5]
            }, 
            "group_name": "lc", 
            "hot_pin": "S", 
            "input_fields": {"gender": 1.0}, 
            "mode": "m_once", 
            "pin_translation": {" ": "spaces", "C": "caps", "S": "small"}, 
            "target_attribute": "lettercase"
          }, 
          "type": "text_props_processor"
        }
      }
    }, 
    "fields": {
      "birth_date": {
        "scale": 1.8, 
        "workflow": {
          "mclass": "FieldProcessingWorkflow", 
          "settings": {
            "custom_alphabet": "0123456789 -/.", 
            "recstr": ":/recstr/001__n0057_recstr.json"
          }, 
          "type": "common"
        }
      }, 
      "check_signature_presence": {
        "workflow": {"mclass": "FieldProcessingWorkflow", "settings": {}, "type": "dummy"}
      }, 
      "expiry_date": {
        "scale": 1.8, 
        "workflow": {
          "mclass": "FieldProcessingWorkflow", 
          "settings": {
            "custom_alphabet": "0123456789 -/.", 
            "recstr": ":/recstr/app_001_ocrblike_spacing.json"
          }, 
          "type": "common"
        }
      }, 
      "flare_mask_page_back": {
        "workflow": {"mclass": "FieldProcessingWorkflow", "type": "image"}
      }, 
      "gender": {
        "scale": 2.0, 
        "workflow": "field_processors/gender_tpl__are.id.type1.back.json"
      }, 
      "mrz_line1": {"scale": 1.2, "workflow": ":/mrz-data/mrz_field_workflow.json"}, 
      "mrz_line2": {"scale": 1.2, "workflow": ":/mrz-data/mrz_field_workflow.json"}, 
      "mrz_line3": {"scale": 1.2, "workflow": ":/mrz-data/mrz_field_workflow.json"}, 
      "mrz_status": {
        "workflow": {"mclass": "FieldProcessingWorkflow", "settings": {}, "type": "dummy"}
      }, 
      "number": {"scale": 2.0, "workflow": "field_processors/id_number.json"}, 
      "photo": {
        "workflow": {"mclass": "FieldProcessingWorkflow", "settings": {}, "type": "image"}
      }, 
      "signature": {
        "workflow": {"mclass": "FieldProcessingWorkflow", "settings": {}, "type": "image"}
      }
    }, 
    "formatters": [
      ":/postprocessor/mrz/mrz_formatter_slot_new_td1.json", 
      {
        "formatter": ":/postprocessor/date/default_birth_date_DDMMYYYY_formatter.json", 
        "input_fields": ["birth_date"]
      }, 
      {
        "formatter": ":/postprocessor/date/default_expiry_date_DDMMYYYY_formatter.json", 
        "input_fields": ["expiry_date"]
      }, 
      {
        "formatter": {
          "mclass": "Postprocessor", 
          "settings": {
            "input_field": "gender", 
            "output_fields_sequence": ["trash", "gender"], 
            "separator": ":"
          }, 
          "type": "splitter"
        }, 
        "input_fields": ["gender"], 
        "output_fields": ["trash", "gender"]
      }, 
      {
        "formatter": {
          "mclass": "Postprocessor", 
          "settings": {
            "input_field": "gender", 
            "output_fields_sequence": ["trash", "gender"], 
            "separator": " "
          }, 
          "type": "splitter"
        }, 
        "input_fields": ["gender"], 
        "output_fields": ["trash", "gender"]
      }, 
      {
        "formatter": ":/postprocessor/punctuation_filter.json", 
        "input_fields": ["gender"]
      }, 
      {
        "formatter": ":/postprocessor/punctuation_filter.json", 
        "input_fields": ["number"]
      }
    ], 
    "image_integrators": {
      "__default__": ":/integrator/default_image_integrator.json", 
      "photo": ":/integrator/default_photo_integrator.json"
    }, 
    "integrators": {
      "__default__": ":/integrator/default_rover_integrator.json", 
      "check_signature_presence": ":/integrator/fraud/default_check_signatures_integrators.json", 
      "full_mrz": ":/integrator/default_mrz_integrator.json", 
      "number": ":/integrator/default_token_integrator.json"
    }, 
    "size": [856, 540], 
    "template_integrator": {
      "config": "integrators/are.id.back_template_image_integration_config.json", 
      "integrator": ":/integrator/template_image_integrator.json"
    }, 
    "zones": {
      "flare_zone": {
        "rect": [0, 0, 856, 540], 
        "workflow": {
          "mclass": "ZoneProcessingWorkflow", 
          "settings": {
            "flare_detector": ":/flare_retriever/common_flare_retriever.json", 
            "output_field_name": "flare_mask_page_back"
          }, 
          "type": "flare_retriever"
        }
      }, 
      "mrz_zone": {
        "rect": [0, 325, 856, 215], 
        "size_override": [800, 200], 
        "workflow": ":/mrz-data/mrz_zone_workflow_td1.json"
      }, 
      "signature": {
        "rect": [326, 203, 260, 66], 
        "size_override": [910, 231], 
        "workflow": ":/signature_retriever/signature_retriever.json"
      }, 
      "zone1": {
        "rect": [10, 6, 833, 237], 
        "workflow": {
          "mclass": "ZoneProcessingWorkflow", 
          "settings": {"vertsgm": "vertsgm/multi_front.json"}, 
          "type": "common"
        }
      }
    }
  }
}