{
  "are.drvlic.du.type1:front": {
    "config": "templates/are.drvlic.du.type1.front.common.json", 
    "expected_fields": [
      "name_eng", 
      "nationality", 
      "number", 
      "birth_date", 
      "issue_date", 
      "expiry_date"
    ], 
    "field_group_preprocessors": {
      "lettercase_detector": {
        "workflow": {
          "mclass": "FieldGroupProcessingWorkflow", 
          "settings": {
            "fcr": {
              "autocontrast": false, 
              "layer_applier": {
                "nn_path": ":/recstr/netdata/final/synthetic/wrtsys/lc_detector.pb"
              }, 
              "scale_x": 0.75, 
              "y_padding": [0.5, 0.5]
            }, 
            "group_name": "lc", 
            "hot_pin": "S", 
            "input_fields": {"name_eng": 1.0, "nationality_eng": 1.0}, 
            "mode": "m_once", 
            "pin_translation": {" ": "spaces", "C": "caps", "S": "small"}, 
            "target_attribute": "lettercase"
          }, 
          "type": "text_props_processor"
        }
      }
    }, 
    "fields": {
      "expiry_date": {
        "scale": 1.8, 
        "workflow": {
          "mclass": "FieldProcessingWorkflow", 
          "settings": {
            "custom_alphabet": "0123456789 -/.", 
            "recstr": ":/recstr/001__n0003_recstr.json"
          }, 
          "type": "common"
        }
      }, 
      "expiry_date_arab": {
        "scale": 1.8, 
        "workflow": {
          "mclass": "FieldProcessingWorkflow", 
          "settings": {"recstr": ":/recstr/001__n0111_recstr.json"}, 
          "type": "common"
        }
      }, 
      "issue_date": {
        "scale": 1.8, 
        "workflow": {
          "mclass": "FieldProcessingWorkflow", 
          "settings": {
            "custom_alphabet": "0123456789 -/.", 
            "recstr": ":/recstr/app_001_ocrblike_spacing.json"
          }, 
          "type": "common"
        }
      }, 
      "issue_date_arab": {
        "scale": 1.8, 
        "workflow": {
          "mclass": "FieldProcessingWorkflow", 
          "settings": {"recstr": ":/recstr/001__n0111_recstr.json"}, 
          "type": "common"
        }
      }, 
      "name": {
        "scale": 1.8, 
        "workflow": {
          "mclass": "FieldProcessingWorkflow", 
          "settings": {"recstr": ":/recstr/basic__arab_symb_recstr.json"}, 
          "type": "common"
        }
      }, 
      "name_eng": {
        "scale": 1.9, 
        "workflow": "field_processors/name_eng_tpl__are.drvlic.du.type1.front.json"
      }, 
      "nationality": {
        "scale": 1.8, 
        "workflow": {
          "mclass": "FieldProcessingWorkflow", 
          "settings": {"recstr": ":/recstr/basic__arab_symb_recstr.json"}, 
          "type": "common"
        }
      }, 
      "nationality_eng": {
        "scale": 2.5, 
        "workflow": "field_processors/nationality_eng_tpl__are.drvlic.du.type1.front.json"
      }, 
      "number": {
        "scale": 1.8, 
        "workflow": {
          "mclass": "FieldProcessingWorkflow", 
          "settings": {
            "custom_alphabet": "0123456789", 
            "recstr": ":/recstr/001__n0007_recstr.json"
          }, 
          "type": "common"
        }
      }, 
      "number_arab": {
        "scale": 1.8, 
        "workflow": {
          "mclass": "FieldProcessingWorkflow", 
          "settings": {"recstr": ":/recstr/001__n0111_recstr.json"}, 
          "type": "common"
        }
      }, 
      "photo": {
        "workflow": {"mclass": "FieldProcessingWorkflow", "settings": {}, "type": "image"}
      }, 
      "type": {
        "scale": 1.8, 
        "workflow": {
          "mclass": "FieldProcessingWorkflow", 
          "settings": {"recstr": ":/recstr/001__n0109_recstr.json"}, 
          "type": "common"
        }
      }, 
      "type_eng": {
        "scale": 1.8, 
        "workflow": {
          "mclass": "FieldProcessingWorkflow", 
          "settings": {
            "custom_alphabet": "0123456789 -/.", 
            "recstr": ":/recstr/001__n0005_recstr.json"
          }, 
          "type": "common"
        }
      }
    }, 
    "formatters": [
      {
        "formatter": ":/postprocessor/date/default_issue_date_DDMMYYYY_formatter.json", 
        "input_fields": ["issue_date"]
      }, 
      {
        "formatter": ":/postprocessor/date/default_expiry_date_DDMMYYYY_formatter.json", 
        "input_fields": ["expiry_date"]
      }, 
      {"formatter": ":/postprocessor/spaces_filter.json", "input_fields": ["number"]}, 
      {"formatter": ":/postprocessor/spaces_filter.json", "input_fields": ["type_eng"]}, 
      {"formatter": ":/postprocessor/spaces_filter.json", "input_fields": ["type"]}
    ], 
    "image_integrators": {
      "__default__": ":/integrator/default_image_integrator.json", 
      "photo": ":/integrator/default_photo_integrator.json"
    }, 
    "integrators": {
      "__default__": ":/integrator/default_rover_integrator.json", 
      "expiry_date": ":/integrator/default_token_integrator.json", 
      "issue_date": ":/integrator/default_token_integrator.json", 
      "number": ":/integrator/default_token_integrator.json"
    }, 
    "size": [856, 540], 
    "zones": {
      "data_zone": {
        "rect": [0, 170, 855, 370], 
        "workflow": {
          "mclass": "ZoneProcessingWorkflow", 
          "settings": {"vertsgm": "vertsgm/drv_type3_data_zone_with_dp.json"}, 
          "type": "common"
        }
      }, 
      "photo_zone": {
        "rect": [0, 100, 300, 290], 
        "workflow": ":/photo_retriever/common_nn_photo_retriever.json"
      }
    }
  }
}