{
  "are.drvlic.type2:back": {
    "config": "templates/are.drvlic.type2.back.common.json", 
    "expected_fields": [], 
    "fields": {
      "first_issue_date_source": {
        "scale": 2.2, 
        "workflow": "field_processors/birth_date_and_place_tpl__are.drvlic.type2.front.json"
      },
      "number_back": {
        "scale": 2.2, 
        "workflow": {
          "mclass": "FieldProcessingWorkflow", 
          "settings": {
            "custom_alphabet": "0123456789", 
            "recstr": ":/recstr/001__n0004_recstr.json"
          }, 
          "type": "common"
        }
      }
    }, 
    "formatters": [
      {
        "formatter": {
          "mclass": "Postprocessor", 
          "settings": {
            "mode": "custom", 
            "output_fields_sequence": [
              {"location": "left", "output_field_name": "issue_date_back"}, 
              {"location": "right", "output_field_name": "authority_back"}, 
              {"location": "rest", "output_field_name": "issue_place_eng_back"}
            ], 
            "separator": " "
          }, 
          "type": "splitter"
        }, 
        "input_fields": ["first_issue_date_source"], 
        "output_fields": ["issue_date_back", "issue_place_eng_back", "authority_back"]
      },
      {
        "formatter": ":/postprocessor/punctuation_filter.json", 
        "input_fields": ["issue_date_back"]
      },
      {
        "formatter": ":/postprocessor/punctuation_filter.json", 
        "input_fields": ["authority_back"]
      },
      {
        "formatter": ":/postprocessor/punctuation_filter.json", 
        "input_fields": ["issue_place_eng_back"]
      },
      {
        "formatter": ":/postprocessor/date/default_issue_date_DDMMYYYY_formatter.json", 
        "input_fields": ["issue_date_back"]
      }
    ], 
    "image_integrators": {
      "__default__": ":/integrator/default_image_integrator.json", 
      "photo": ":/integrator/default_photo_integrator.json"
    }, 
    "integrators": {"__default__": ":/integrator/default_rover_integrator.json"}, 
    "size": [856, 540], 
    "zones": {
      "data_zone": {
        "rect": [170, 70, 540, 40], 
        "workflow": {
          "mclass": "ZoneProcessingWorkflow", 
          "settings": {"vertsgm": "vertsgm/drv_t2_back_data_zone.json"}, 
          "type": "common"
        }
      },
      "number_zone": {
        "rect": [715, 30, 140, 45], 
        "workflow": {
          "mclass": "ZoneProcessingWorkflow", 
          "settings": {"vertsgm": "vertsgm/drv_t2_back_number_zone.json"}, 
          "type": "common"
        }
      }
    }
  }
}