{
  "are.drvlic.aj.type1:back": {
    "config": "templates/are.drvlic.aj.type1.back.common.json", 
    "expected_fields": ["blood_type"], 
    "field_group_preprocessors": {
      "lettercase_detector": {
        "workflow": {
          "mclass": "FieldGroupProcessingWorkflow", 
          "settings": {
            "fcr": {
              "autocontrast": false, 
              "layer_applier": {
                "nn_path": ":/recstr/netdata/final/synthetic/wrtsys/lc_detector.pb"
              }, 
              "scale_x": 0.75, 
              "y_padding": [0.5, 0.5]
            }, 
            "group_name": "lc", 
            "hot_pin": "S", 
            "input_fields": {"blood_type": 1.0}, 
            "mode": "m_once", 
            "pin_translation": {" ": "spaces", "C": "caps", "S": "small"}, 
            "target_attribute": "lettercase"
          }, 
          "type": "text_props_processor"
        }
      }
    }, 
    "fields": {
      "blood_type": {
        "scale": 1.8, 
        "workflow": "field_processors/blood_type_tpl__are.drvlic.aj.type1.back.json"
      }
    }, 
    "formatters": [], 
    "image_integrators": {
      "__default__": ":/integrator/default_image_integrator.json", 
      "photo": ":/integrator/default_photo_integrator.json"
    }, 
    "integrators": {"__default__": ":/integrator/default_rover_integrator.json"}, 
    "size": [856, 540], 
    "zones": {
      "data_zone": {
        "rect": [35, 20, 795, 45], 
        "workflow": {
          "mclass": "ZoneProcessingWorkflow", 
          "settings": {"vertsgm": "vertsgm/drv_aj_t1_back.json"}, 
          "type": "common"
        }
      }
    }
  }
}