{
  "are.drvlic.sh.type1:front": {
    "config": "templates/are.drvlic.sh.type1.front.common.json", 
    "expected_fields": [
      "blood_type", 
      "name", 
      "nationality", 
      "profession", 
      "number", 
      "issue_date", 
      "expiry_date"
    ], 
    "field_group_preprocessors": {
      "lettercase_detector": {
        "workflow": {
          "mclass": "FieldGroupProcessingWorkflow", 
          "settings": {
            "fcr": {
              "autocontrast": false, 
              "layer_applier": {
                "nn_path": ":/recstr/netdata/final/synthetic/wrtsys/lc_detector.pb"
              }, 
              "scale_x": 0.75, 
              "y_padding": [0.5, 0.5]
            }, 
            "group_name": "lc", 
            "hot_pin": "S", 
            "input_fields": {
              "blood_type": 1.0, 
              "name_eng": 1.0, 
              "nationality_eng": 1.0, 
              "profession_eng": 1.0
            }, 
            "mode": "m_once", 
            "pin_translation": {" ": "spaces", "C": "caps", "S": "small"}, 
            "target_attribute": "lettercase"
          }, 
          "type": "text_props_processor"
        }
      }
    }, 
    "fields": {
      "blood_type": {
        "scale": 1.8, 
        "workflow": "field_processors/blood_type_tpl__are.drvlic.sh.type1.front.json"
      }, 
      "expiry_date": {
        "scale": 1.8, 
        "workflow": {
          "mclass": "FieldProcessingWorkflow", 
          "settings": {
            "custom_alphabet": "0123456789 -/.", 
            "recstr": ":/recstr/001__n0007_recstr.json"
          }, 
          "type": "common"
        }
      }, 
      "expiry_date_arab": {
        "scale": 2.0, 
        "workflow": {
          "mclass": "FieldProcessingWorkflow", 
          "settings": {
            "custom_alphabet": " ٠١٢٣٤٥٦٧۸٩", 
            "recstr": ":/recstr/001__n0109_recstr.json"
          }, 
          "type": "common"
        }
      }, 
      "issue_date": {
        "scale": 1.8, 
        "workflow": {
          "mclass": "FieldProcessingWorkflow", 
          "settings": {
            "custom_alphabet": "0123456789 -/.", 
            "recstr": ":/recstr/001__n0007_recstr.json"
          }, 
          "type": "common"
        }
      }, 
      "name": {
        "scale": 2.0, 
        "workflow": {
          "mclass": "FieldProcessingWorkflow", 
          "settings": {
            "custom_alphabet": " اآأإبتثجحخدذرزسشصضطظعغفقكلمنهويىءؤئةﻵﻷﻹﻻﷲ", 
            "recstr": ":/recstr/basic__arab_symb_recstr.json"
          }, 
          "type": "common"
        }
      }, 
      "name_eng": {
        "scale": 1.8, 
        "workflow": "field_processors/name_eng_tpl__are.drvlic.sh.type1.front.json"
      }, 
      "nationality": {
        "scale": 2.0, 
        "workflow": {
          "mclass": "FieldProcessingWorkflow", 
          "settings": {
            "custom_alphabet": " اآأإبتثجحخدذرزسشصضطظعغفقكلمنهويىءؤئةﻵﻷﻹﻻﷲ", 
            "recstr": ":/recstr/basic__arab_symb_recstr.json"
          }, 
          "type": "common"
        }
      }, 
      "nationality_eng": {
        "scale": 1.8, 
        "workflow": "field_processors/name_eng_tpl__are.drvlic.sh.type1.front.json"
      }, 
      "number": {
        "scale": 1.8, 
        "workflow": {
          "mclass": "FieldProcessingWorkflow", 
          "settings": {
            "custom_alphabet": "0123456789", 
            "recstr": ":/recstr/001__n0007_recstr.json"
          }, 
          "type": "common"
        }
      }, 
      "number_arab": {
        "scale": 2.0, 
        "workflow": {
          "mclass": "FieldProcessingWorkflow", 
          "settings": {
            "custom_alphabet": " ٠١٢٣٤٥٦٧۸٩", 
            "recstr": ":/recstr/001__n0109_recstr.json"
          }, 
          "type": "common"
        }
      }, 
      "photo": {
        "workflow": {"mclass": "FieldProcessingWorkflow", "settings": {}, "type": "image"}
      }, 
      "profession": {
        "scale": 2.0, 
        "workflow": {
          "mclass": "FieldProcessingWorkflow", 
          "settings": {
            "custom_alphabet": " اآأإبتثجحخدذرزسشصضطظعغفقكلمنهويىءؤئةﻵﻷﻹﻻﷲ", 
            "recstr": ":/recstr/basic__arab_symb_recstr.json"
          }, 
          "type": "common"
        }
      }, 
      "profession_eng": {
        "scale": 1.8, 
        "workflow": "field_processors/name_eng_tpl__are.drvlic.sh.type1.front.json"
      }, 
      "signature": {
        "workflow": {"mclass": "FieldProcessingWorkflow", "settings": {}, "type": "image"}
      }
    }, 
    "formatters": [
      {
        "formatter": "postprocessors/issue_date_DD_D_MMYYYY_formatter.json", 
        "input_fields": ["issue_date"]
      }, 
      {
        "formatter": "postprocessors/expiry_date_DD_D_MMYYYY_formatter.json", 
        "input_fields": ["expiry_date"]
      }
    ], 
    "image_integrators": {
      "__default__": ":/integrator/default_image_integrator.json", 
      "photo": ":/integrator/default_photo_integrator.json"
    }, 
    "integrators": {
      "__default__": ":/integrator/default_rover_integrator.json", 
      "birth_date": ":/integrator/default_token_integrator.json", 
      "expiry_date": ":/integrator/default_token_integrator.json", 
      "issue_date": ":/integrator/default_token_integrator.json", 
      "number": ":/integrator/default_token_integrator.json"
    }, 
    "size": [856, 540], 
    "zones": {
      "data_zone": {
        "rect": [270, 165, 535, 345], 
        "workflow": {
          "mclass": "ZoneProcessingWorkflow", 
          "settings": {"vertsgm": "vertsgm/drv_sh_t1.json"}, 
          "type": "common"
        }
      }, 
      "photo_zone": {
        "rect": [50, 170, 210, 240], 
        "workflow": ":/photo_retriever/common_nn_photo_retriever.json"
      }, 
      "signature_zone": {
        "rect": [45, 415, 220, 90], 
        "workflow": ":/signature_retriever/signature_retriever.json"
      }
    }
  }
}