{
  "are.wp.type1:front": {
    "config": "templates/are.wp.type1.front.common.json", 
    "expected_fields": ["number"], 
    "field_group_preprocessors": {
      "lettercase_detector": {
        "workflow": {
          "mclass": "FieldGroupProcessingWorkflow", 
          "settings": {
            "fcr": {
              "autocontrast": false, 
              "layer_applier": {
                "nn_path": ":/recstr/netdata/final/synthetic/wrtsys/lc_detector.pb"
              }, 
              "scale_x": 0.75, 
              "y_padding": [0.5, 0.5]
            }, 
            "group_name": "lc", 
            "hot_pin": "S", 
            "input_fields": {"authority_eng": 1.0}, 
            "mode": "m_once", 
            "pin_translation": {" ": "spaces", "C": "caps", "S": "small"}, 
            "target_attribute": "lettercase"
          }, 
          "type": "text_props_processor"
        }
      }
    }, 
    "fields": {
      "authority": {
        "scale": 2.2, 
        "workflow": {
          "mclass": "FieldProcessingWorkflow", 
          "settings": {
            "custom_alphabet": " اآأإبتثجحخدذرزسشصضطظعغفقكلمنهويىءؤئةﻵﻷﻹﻻﷲ", 
            "recstr": ":/recstr/basic__arab_symb_recstr.json"
          }, 
          "type": "common"
        }
      }, 
      "authority_eng": {"scale": 2.0, "workflow": "field_processors/wp_authority.json"}, 
      "expiry_date": {"scale": 2.0, "workflow": "field_processors/id_number.json"}, 
      "field0": {
        "scale": 2.2, 
        "workflow": {
          "mclass": "FieldProcessingWorkflow", 
          "settings": {
            "custom_alphabet": " اآأإبتثجحخدذرزسشصضطظعغفقكلمنهويىءؤئةﻵﻷﻹﻻﷲ", 
            "recstr": ":/recstr/basic__arab_symb_recstr.json"
          }, 
          "type": "common"
        }
      }, 
      "id_number": {"scale": 2.0, "workflow": "field_processors/id_number.json"}, 
      "name": {
        "scale": 2.2, 
        "workflow": {
          "mclass": "FieldProcessingWorkflow", 
          "settings": {
            "custom_alphabet": " اآأإبتثجحخدذرزسشصضطظعغفقكلمنهويىءؤئةﻵﻷﻹﻻﷲ", 
            "recstr": ":/recstr/basic__arab_symb_recstr.json"
          }, 
          "type": "common"
        }
      }, 
      "name_eng": {"scale": 2.0, "workflow": "field_processors/id_fio.json"}, 
      "nationality": {
        "scale": 2.2, 
        "workflow": {
          "mclass": "FieldProcessingWorkflow", 
          "settings": {
            "custom_alphabet": " اآأإبتثجحخدذرزسشصضطظعغفقكلمنهويىءؤئةﻵﻷﻹﻻﷲ", 
            "recstr": ":/recstr/basic__arab_symb_recstr.json"
          }, 
          "type": "common"
        }
      }, 
      "number": {"scale": 2.0, "workflow": "field_processors/id_number.json"}, 
      "photo": {
        "workflow": {"mclass": "FieldProcessingWorkflow", "settings": {}, "type": "image"}
      }, 
      "profession": {
        "scale": 2.2, 
        "workflow": {
          "mclass": "FieldProcessingWorkflow", 
          "settings": {
            "custom_alphabet": " اآأإبتثجحخدذرزسشصضطظعغفقكلمنهويىءؤئةﻵﻷﻹﻻﷲ", 
            "recstr": ":/recstr/basic__arab_symb_recstr.json"
          }, 
          "type": "common"
        }
      }
    }, 
    "formatters": [
      {
        "formatter": ":/postprocessor/punctuation_filter.json", 
        "input_fields": ["number"]
      }, 
      {
        "formatter": ":/postprocessor/punctuation_filter.json", 
        "input_fields": ["id_number"]
      }, 
      {
        "formatter": ":/postprocessor/date/default_expiry_date_YYYYMMDD_formatter.json", 
        "input_fields": ["expiry_date"]
      }
    ], 
    "image_integrators": {
      "__default__": ":/integrator/default_image_integrator.json", 
      "photo": ":/integrator/default_photo_integrator.json"
    }, 
    "integrators": {
      "__default__": ":/integrator/default_rover_integrator.json", 
      "number": ":/integrator/default_token_integrator.json"
    }, 
    "size": [856, 540], 
    "zones": {
      "photo": {
        "rect": [10, 296, 208, 233, 233], 
        "workflow": ":/photo_retriever/common_nn_photo_retriever.json"
      }, 
      "zone1": {
        "rect": [12, 130, 842, 386], 
        "workflow": {
          "mclass": "ZoneProcessingWorkflow", 
          "settings": {"vertsgm": "vertsgm/wp_type1_zone1_with_dp.json"}, 
          "type": "common"
        }
      }, 
      "zone2": {
        "rect": [0, 210, 230, 90], 
        "workflow": {
          "mclass": "ZoneProcessingWorkflow", 
          "settings": {"vertsgm": "vertsgm/wp_type1_zone2_with_dp.json"}, 
          "type": "common"
        }
      }
    }
  }
}