{
  "are.passport.type2:main": {
    "config": "templates/are.passport.type2.main.common.json", 
    "expected_fields": [
      "number", 
      "issue_date", 
      "birth_date", 
      "full_mrz", 
      "type", 
      "name_eng", 
      "gender"
    ], 
    "field_group_preprocessors": {
      "image_checks": {
        "workflow": {
          "mclass": "FieldGroupProcessingWorkflow", 
          "settings": {
            "detector": ":/signature_retriever/psp_signature_detector.json", 
            "group_name": "image_checks", 
            "input_fields": ["signature"], 
            "output_fields": ["check_signature_presence"], 
            "subtype": "signature"
          }, 
          "type": "check_image"
        }
      }, 
      "lettercase_detector": {
        "workflow": {
          "mclass": "FieldGroupProcessingWorkflow", 
          "settings": {
            "fcr": {
              "autocontrast": false, 
              "layer_applier": {
                "nn_path": ":/recstr/netdata/final/synthetic/wrtsys/lc_detector.pb"
              }, 
              "scale_x": 0.75, 
              "y_padding": [0.5, 0.5]
            }, 
            "group_name": "lc", 
            "hot_pin": "S", 
            "input_fields": {
              "authority_eng": 1.0, 
              "birth_place_eng": 1.0, 
              "gender": 1.0, 
              "name_eng": 1.0, 
              "nationality_eng": 1.0, 
              "number": 1.0, 
              "type": 1.0
            }, 
            "mode": "m_once", 
            "pin_translation": {" ": "spaces", "C": "caps", "S": "small"}, 
            "target_attribute": "lettercase"
          }, 
          "type": "text_props_processor"
        }
      }
    }, 
    "fields": {
      "authority": {
        "scale": 1.8, 
        "workflow": {
          "mclass": "FieldProcessingWorkflow", 
          "settings": {"recstr": ":/recstr/basic__arab_symb_recstr.json"}, 
          "type": "common"
        }
      }, 
      "authority_eng": {
        "scale": 1.8, 
        "workflow": "field_processors/nationality_eng_tpl__are.drvlic.uq.type1.front.json"
      }, 
      "birth_date": {
        "scale": 1.9, 
        "workflow": {
          "mclass": "FieldProcessingWorkflow", 
          "settings": {
            "custom_alphabet": "0123456789 /", 
            "recstr": ":/recstr/001__n0096_recstr.json"
          }, 
          "type": "common"
        }
      }, 
      "birth_place": {
        "scale": 1.8, 
        "workflow": {
          "mclass": "FieldProcessingWorkflow", 
          "settings": {"recstr": ":/recstr/basic__arab_symb_recstr.json"}, 
          "type": "common"
        }
      }, 
      "birth_place_eng": {
        "scale": 1.8, 
        "workflow": "field_processors/birth_place_eng_tpl__are.passport.type1.main.json"
      }, 
      "check_signature_presence": {
        "workflow": {"mclass": "FieldProcessingWorkflow", "settings": {}, "type": "dummy"}
      }, 
      "expiry_date": {
        "scale": 1.9, 
        "workflow": {
          "mclass": "FieldProcessingWorkflow", 
          "settings": {
            "custom_alphabet": "0123456789 /", 
            "recstr": ":/recstr/001__n0096_recstr.json"
          }, 
          "type": "common"
        }
      }, 
      "gender": {
        "scale": 1.9, 
        "workflow": "field_processors/gender_tpl__are.passport.type1.main.json"
      }, 
      "issue_date": {
        "scale": 1.9, 
        "workflow": {
          "mclass": "FieldProcessingWorkflow", 
          "settings": {
            "custom_alphabet": "0123456789 /", 
            "recstr": ":/recstr/app_001_thin.json"
          }, 
          "type": "common"
        }
      }, 
      "mrz_line1": {"scale": 1.2, "workflow": ":/mrz-data/mrz_field_workflow.json"}, 
      "mrz_line2": {"scale": 1.2, "workflow": ":/mrz-data/mrz_field_workflow.json"}, 
      "name": {
        "scale": 1.8, 
        "workflow": {
          "mclass": "FieldProcessingWorkflow", 
          "settings": {"recstr": ":/recstr/basic__arab_symb_recstr.json"}, 
          "type": "common"
        }
      }, 
      "name_eng": {
        "scale": 1.8, 
        "workflow": "field_processors/name_eng_tpl__are.passport.type1.main.json"
      }, 
      "nationality": {
        "scale": 1.8, 
        "workflow": {
          "mclass": "FieldProcessingWorkflow", 
          "settings": {"recstr": ":/recstr/basic__arab_symb_recstr.json"}, 
          "type": "common"
        }
      }, 
      "nationality_eng": {
        "scale": 1.8, 
        "workflow": "field_processors/birth_place_eng_tpl__are.passport.type1.main.json"
      }, 
      "number": {
        "scale": 1.9, 
        "workflow": "field_processors/number_tpl__are.passport.type1.main.json"
      }, 
      "photo": {
        "workflow": {"mclass": "FieldProcessingWorkflow", "settings": {}, "type": "image"}
      }, 
      "signature": {
        "workflow": {"mclass": "FieldProcessingWorkflow", "settings": {}, "type": "image"}
      }, 
      "type": {
        "scale": 1.9, 
        "workflow": "field_processors/type_tpl__are.passport.type1.main.json"
      }
    }, 
    "formatters": [
      ":/postprocessor/mrz/mrz_formatter_slot_new_mrp.json", 
      {"formatter": ":/postprocessor/spaces_filter.json", "input_fields": ["number"]}, 
      {
        "formatter": ":/postprocessor/date/default_birth_date_DDMMYYYY_formatter.json", 
        "input_fields": ["birth_date"]
      }, 
      {
        "formatter": ":/postprocessor/date/default_issue_date_DDMMYYYY_formatter.json", 
        "input_fields": ["issue_date"]
      }, 
      {
        "formatter": ":/postprocessor/date/default_expiry_date_DDMMYYYY_formatter.json", 
        "input_fields": ["expiry_date"]
      }
    ], 
    "image_integrators": {
      "__default__": ":/integrator/default_image_integrator.json", 
      "photo": ":/integrator/default_photo_integrator.json"
    }, 
    "integrators": {
      "__default__": ":/integrator/default_rover_integrator.json", 
      "birth_date": ":/integrator/default_token_integrator.json", 
      "check_signature_presence": ":/integrator/fraud/default_check_signatures_integrators.json", 
      "expiry_date": ":/integrator/default_token_integrator.json", 
      "full_mrz": ":/integrator/default_mrz_integrator.json", 
      "issue_date": ":/integrator/default_token_integrator.json"
    }, 
    "size": [1250, 880], 
    "template_integrator": {
      "config": ":/integrator/passport_template_integrator.json", 
      "integrator": ":/integrator/template_image_integrator.json"
    }, 
    "zones": {
      "data_zone": {
        "rect": [385, 90, 865, 580], 
        "workflow": {
          "mclass": "ZoneProcessingWorkflow", 
          "settings": {"vertsgm": "vertsgm/psp_type2_data_zone_with_dp.json"}, 
          "type": "common"
        }
      }, 
      "mrz_zone": {
        "rect": [0, 400, 1250, 480], 
        "size_override": [1200, 460], 
        "workflow": ":/mrz-data/mrz_zone_workflow_mrp.json"
      }, 
      "photo_zone": {
        "rect": [30, 100, 360, 475], 
        "workflow": ":/photo_retriever/common_nn_photo_retriever.json"
      }, 
      "signature_zone": {
        "rect": [860, 565, 370, 115], 
        "size_override": [1295, 402], 
        "workflow": ":/signature_retriever/signature_retriever.json"
      }
    }
  }
}