{
  "are.id.type1:front": {
    "config": "templates/are.id.type1.front.common.json", 
    "expected_fields": ["id_number"], 
    "field_group_preprocessors": {
      "lettercase_detector": {
        "workflow": {
          "mclass": "FieldGroupProcessingWorkflow", 
          "settings": {
            "fcr": {
              "autocontrast": false, 
              "layer_applier": {
                "nn_path": ":/recstr/netdata/final/synthetic/wrtsys/lc_detector.pb"
              }, 
              "scale_x": 0.75, 
              "y_padding": [0.5, 0.5]
            }, 
            "group_name": "lc", 
            "hot_pin": "S", 
            "input_fields": {"name_eng": 1.0, "name_eng2": 1.0, "nationality_eng": 1.0}, 
            "mode": "m_once", 
            "pin_translation": {" ": "spaces", "C": "caps", "S": "small"}, 
            "target_attribute": "lettercase"
          }, 
          "type": "text_props_processor"
        }
      }
    }, 
    "fields": {
      "flare_mask_page": {
        "workflow": {"mclass": "FieldProcessingWorkflow", "type": "image"}
      }, 
      "hologram": {
        "workflow": {"mclass": "FieldProcessingWorkflow", "settings": {}, "type": "dummy"}
      }, 
      "id_number": {
        "scale": 2.0, 
        "workflow": {
          "mclass": "FieldProcessingWorkflow", 
          "settings": {
            "custom_alphabet": "0123456789 -", 
            "deshearer": ":/mixangler/dummy_deshearer.json", 
            "recstr": ":/recstr/001__n0087_recstr.json"
          }, 
          "type": "common"
        }
      }, 
      "name": {
        "scale": 2.0, 
        "workflow": {
          "mclass": "FieldProcessingWorkflow", 
          "settings": {
            "custom_alphabet": " اآأإبتثجحخدذرزسشصضطظعغفقكلمنهويىءؤئةﻵﻷﻹﻻﷲ", 
            "recstr": ":/recstr/basic__arab_symb_recstr.json"
          }, 
          "type": "common"
        }
      }, 
      "name2": {
        "scale": 2.0, 
        "workflow": {
          "mclass": "FieldProcessingWorkflow", 
          "settings": {
            "custom_alphabet": " اآأإبتثجحخدذرزسشصضطظعغفقكلمنهويىءؤئةﻵﻷﻹﻻﷲ", 
            "recstr": ":/recstr/basic__arab_symb_recstr.json"
          }, 
          "type": "common"
        }
      }, 
      "name_eng": {
        "scale": 2.0, 
        "workflow": "field_processors/name_eng_tpl__are.id.type1.front.json"
      }, 
      "name_eng2": {
        "scale": 2.0, 
        "workflow": "field_processors/name_eng2_tpl__are.id.type1.front.json"
      }, 
      "nationality": {
        "scale": 2.0, 
        "workflow": {
          "mclass": "FieldProcessingWorkflow", 
          "settings": {
            "custom_alphabet": " اآأإبتثجحخدذرزسشصضطظعغفقكلمنهويىءؤئةﻵﻷﻹﻻﷲ", 
            "recstr": ":/recstr/basic__arab_symb_recstr.json"
          }, 
          "type": "common"
        }
      }, 
      "nationality_eng": {
        "scale": 2.0, 
        "workflow": "field_processors/nationality_eng_tpl__are.id.type1.front.json"
      }, 
      "photo": {
        "workflow": {"mclass": "FieldProcessingWorkflow", "settings": {}, "type": "image"}
      }
    }, 
    "formatters": [
      {
        "allow_incomplete_inputs": true, 
        "formatter": {
          "mclass": "Postprocessor", 
          "settings": {
            "input_fields_sequence": ["name_eng", "name_eng2"], 
            "output_field": "name_eng", 
            "separator": " "
          }, 
          "type": "merge"
        }, 
        "input_fields": ["name_eng", "name_eng2"], 
        "output_fields": ["name_eng"]
      }, 
      {
        "allow_incomplete_inputs": true, 
        "formatter": {
          "mclass": "Postprocessor", 
          "settings": {
            "input_fields_sequence": ["name2", "name"], 
            "output_field": "name", 
            "separator": " "
          }, 
          "type": "merge"
        }, 
        "input_fields": ["name2", "name"], 
        "output_fields": ["name"]
      }
    ], 
    "image_integrators": {
      "__default__": ":/integrator/default_image_integrator.json", 
      "photo": ":/integrator/default_photo_integrator.json"
    }, 
    "integrators": {
      "__default__": ":/integrator/default_rover_integrator.json", 
      "hologram": ":/integrator/default_hologram_integrator.json", 
      "id_number": ":/integrator/default_token_integrator.json"
    }, 
    "size": [856, 540], 
    "template_integrator": {
      "config": "integrators/are.id.front_template_image_integration_config.json", 
      "integrator": ":/integrator/template_image_integrator.json"
    }, 
    "zones": {
      "flare_zone": {
        "rect": [0, 0, 856, 540], 
        "workflow": {
          "mclass": "ZoneProcessingWorkflow", 
          "settings": {
            "flare_detector": ":/flare_retriever/common_flare_retriever.json", 
            "output_field_name": "flare_mask_page"
          }, 
          "type": "flare_retriever"
        }
      }, 
      "hologram_zone": {
        "rect": [610, 300, 165, 175], 
        "workflow": {
          "mclass": "ZoneProcessingWorkflow", 
          "settings": {
            "hologram_detector": ":/hologram_retriever/hologram_detector.json", 
            "show_hologram": true
          }, 
          "type": "hologram_retriever"
        }
      }, 
      "photo": {
        "rect": [610, 260, 220, 260], 
        "workflow": {
          "mclass": "ZoneProcessingWorkflow", 
          "settings": {"output_field_name": "photo"}, 
          "type": "image_retriever"
        }
      }, 
      "zone1": {
        "rect": [30, 135, 600, 405], 
        "workflow": {
          "mclass": "ZoneProcessingWorkflow", 
          "settings": {"vertsgm": "vertsgm/id_type1_zone1_with_dp.json"}, 
          "type": "common"
        }
      }
    }
  }
}