{
  "are.drvlic.type2:front": {
    "config": "templates/are.drvlic.type2.front.common.json", 
    "expected_fields": [
      "name", 
      "nationality", 
      "number", 
      "birth_date", 
      "issue_date", 
      "expiry_date", 
      "birth_date_and_place"
    ], 
    "field_group_preprocessors": {
      "lettercase_detector": {
        "workflow": {
          "mclass": "FieldGroupProcessingWorkflow", 
          "settings": {
            "fcr": {
              "autocontrast": false, 
              "layer_applier": {
                "nn_path": ":/recstr/netdata/final/synthetic/wrtsys/lc_detector.pb"
              }, 
              "scale_x": 0.75, 
              "y_padding": [0.5, 0.5]
            }, 
            "group_name": "lc", 
            "hot_pin": "S", 
            "input_fields": {"name": 1.0, "nationality": 1.0}, 
            "mode": "m_once", 
            "pin_translation": {" ": "spaces", "C": "caps", "S": "small"}, 
            "target_attribute": "lettercase"
          }, 
          "type": "text_props_processor"
        }
      }
    }, 
    "fields": {
      "authority": {
        "scale": 2.2, 
        "workflow": "field_processors/birth_date_and_place_tpl__are.drvlic.type2.front.json"
      }, 
      "birth_date": {
        "scale": 1.8, 
        "workflow": {
          "mclass": "FieldProcessingWorkflow", 
          "settings": {
            "custom_alphabet": "0123456789 -/.", 
            "recstr": ":/recstr/001__n0007_recstr.json"
          }, 
          "type": "common"
        }
      }, 
      "birth_date_and_place": {
        "scale": 2.2, 
        "workflow": "field_processors/birth_date_and_place_tpl__are.drvlic.type2.front.json"
      }, 
      "categories": {
        "scale": 1.8, 
        "workflow": "field_processors/name_eng_tpl__are.drvlic.sh.type1.front.json"
      }, 
      "expiry_date": {
        "scale": 1.8, 
        "workflow": {
          "mclass": "FieldProcessingWorkflow", 
          "settings": {
            "custom_alphabet": "0123456789 -/.", 
            "recstr": ":/recstr/001__n0007_recstr.json"
          }, 
          "type": "common"
        }
      }, 
      "issue_date": {
        "scale": 1.8, 
        "workflow": {
          "mclass": "FieldProcessingWorkflow", 
          "settings": {
            "custom_alphabet": "0123456789 -/.", 
            "recstr": ":/recstr/001__n0007_recstr.json"
          }, 
          "type": "common"
        }
      }, 
      "issue_place_eng": {
        "scale": 1.8, 
        "workflow": "field_processors/name_eng_tpl__are.drvlic.sh.type1.front.json"
      }, 
      "name_eng": {
        "scale": 1.8, 
        "workflow": "field_processors/name_eng_tpl__are.drvlic.sh.type1.front.json"
      }, 
      "nationality_eng": {
        "scale": 1.8, 
        "workflow": "field_processors/name_eng_tpl__are.drvlic.sh.type1.front.json"
      }, 
      "number": {
        "scale": 2.2, 
        "workflow": {
          "mclass": "FieldProcessingWorkflow", 
          "settings": {
            "custom_alphabet": "0123456789", 
            "recstr": ":/recstr/001__n0004_recstr.json"
          }, 
          "type": "common"
        }
      }, 
      "photo": {
        "workflow": {"mclass": "FieldProcessingWorkflow", "settings": {}, "type": "image"}
      }, 
      "signature": {
        "workflow": {"mclass": "FieldProcessingWorkflow", "settings": {}, "type": "image"}
      }
    }, 
    "formatters": [
      {
        "formatter": {
          "mclass": "Postprocessor", 
          "settings": {
            "input_field": "birth_date_and_place", 
            "output_fields_sequence": ["birth_date", "birth_place_eng"], 
            "separator": "/"
          }, 
          "type": "splitter"
        }, 
        "input_fields": ["birth_date_and_place"], 
        "output_fields": ["birth_date", "birth_place_eng"]
      }, 
      {
        "formatter": ":/postprocessor/spaces_filter.json", 
        "input_fields": ["birth_place_eng"]
      }, 
      {
        "formatter": ":/postprocessor/date/default_birth_date_DDMMYYYY_formatter.json", 
        "input_fields": ["birth_date"]
      }, 
      {
        "formatter": ":/postprocessor/date/default_issue_date_DDMMYYYY_formatter.json", 
        "input_fields": ["issue_date"]
      }, 
      {
        "formatter": ":/postprocessor/date/default_expiry_date_DDMMYYYY_formatter.json", 
        "input_fields": ["expiry_date"]
      }
    ], 
    "image_integrators": {
      "__default__": ":/integrator/default_image_integrator.json", 
      "photo": ":/integrator/default_photo_integrator.json"
    }, 
    "integrators": {
      "__default__": ":/integrator/default_rover_integrator.json", 
      "birth_date": ":/integrator/default_token_integrator.json", 
      "expiry_date": ":/integrator/default_token_integrator.json", 
      "issue_date": ":/integrator/default_token_integrator.json", 
      "number": ":/integrator/default_token_integrator.json"
    }, 
    "size": [856, 540], 
    "zones": {
      "authority_zone": {
        "rect": [10, 435, 190, 85], 
        "workflow": {
          "mclass": "ZoneProcessingWorkflow", 
          "settings": {"vertsgm": "vertsgm/drv_t2_front_authority_zone.json"}, 
          "type": "common"
        }
      }, 
      "categories_zone": {
        "rect": [330, 170, 90, 50], 
        "workflow": {
          "mclass": "ZoneProcessingWorkflow", 
          "settings": {"vertsgm": "vertsgm/drv_t2_front_categories_zone.json"}, 
          "type": "common"
        }
      }, 
      "data_zone": {
        "rect": [240, 165, 615, 375], 
        "workflow": {
          "mclass": "ZoneProcessingWorkflow", 
          "settings": {"vertsgm": "vertsgm/drv_type2_data_zone_with_dp.json"}, 
          "type": "common"
        }
      }, 
      "photo_zone": {
        "rect": [0, 175, 230, 255], 
        "workflow": ":/photo_retriever/common_nn_photo_retriever.json"
      }, 
      "signature_zone": {
        "rect": [660, 465, 180, 60], 
        "workflow": ":/signature_retriever/signature_retriever.json"
      }
    }
  }
}