{
    "(sample)": "are.drvlic.az.type1.front.common/sample.png",
    "features": {
        "content": {
            "(ffe)": "",
            "descriptor_size": 128,
            "descriptor_type": "uint1",
            "rotations": 4,
            "variants": "are.drvlic.az.type1.front.common/variants.json"
        },
        "type": "common",
        "mclass": "TemplateFeatures"
    },
    "name": "are.drvlic.az.type1:front",
    "linked_templates": [

    ],
    "size_mm": [
        85.599999999999994316,
        54.0
    ],
    "size_px": [
        856,
        540
    ]
}
