{
    "(sample)": "",
    "features": {
        "content": {
            "(ffe)": "",
            "descriptor_size": 128,
            "descriptor_type": "uint1",
            "rotations": 4,
            "variants": "are.rp.type1.main.common/variants.json"
        },
        "type": "common",
        "mclass": "TemplateFeatures"
    },
    "name": "are.rp.type1:main",
    "linked_templates": [

    ],
    "size_mm": [
        91.5,
        61.5
    ],
    "size_px": [
        912,
        615
    ]
}
