{
  "common_options": {},
  "documents": [
    "docs/are/are.wp.type1.json",
    "docs/are/are.id.type1.json",
    "docs/are/are.rp.type1.json",
    "docs/are/are.passport.type1.json",
    "docs/are/are.passport.type2.json",
    "docs/are/are.drvlic.aj.type1.json",
    "docs/are/are.drvlic.az.type1.json",
    "docs/are/are.drvlic.du.type1.json",
    "docs/are/are.drvlic.rk.type1.json",
    "docs/are/are.drvlic.sh.type1.json",
    "docs/are/are.drvlic.uq.type1.json",
    "docs/are/are.drvlic.type1.json",
    "docs/are/are.drvlic.type2.json"
  ],
  "engines": {
    "smartid": {
      "doctypes": [
        "are.wp.type1",
        "are.id.type1",
        "are.rp.type1",
        "are.passport.type1",
        "are.passport.type2",
        "are.drvlic.aj.type1",
        "are.drvlic.az.type1",
        "are.drvlic.du.type1",
        "are.drvlic.rk.type1",
        "are.drvlic.sh.type1",
        "are.drvlic.uq.type1",
        "are.drvlic.type1",
        "are.drvlic.type2"
      ],
      "options": {
        
        
        "extractTemplateImages": "false"
      },
      "path": "are.json",
      "type": "smartid_engine"
    }
  },
  "tplfinder": ":/tplfinder/common_tplfinder_mobile.json",
  "type": "smartid_bundle"
}