{
  "common_options": {
    "enableCheck0000000000001": "true", 
    "enableCheck0000000000002": "true", 
    "enableForensics": "false", 
    "sessionTimeout": "5.0"
  }, 
  "engines": {
    "are": {
      "doctypes": [
        "are.id.type1", 
        "are.wp.type1", 
        "are.rp.type1", 
        "are.passport.type1", 
        "are.passport.type2", 
        "are.drvlic.aj.type1", 
        "are.drvlic.az.type1", 
        "are.drvlic.du.type1", 
        "are.drvlic.rk.type1", 
        "are.drvlic.sh.type1", 
        "are.drvlic.uq.type1", 
        "are.drvlic.type1", 
        "are.drvlic.type2"
      ], 
      "lazy_config": true, 
      "options": {"enable0000000000001": "true"}, 
      "path": "are.json"
    }, 
    "ind": {
      "doctypes": [
        "ind.pancard.type1", 
        "ind.pancard.type2", 
        "ind.passport.type1", 
        "ind.passport.type2"
      ], 
      "lazy_config": true, 
      "options": {}, 
      "path": "ind.json"
    }, 
    "ind.aadhaar": {
      "doctypes": ["ind.aadhaar.type1"], 
      "lazy_config": true, 
      "options": {}, 
      "path": "ind.aadhaar.json"
    }, 
    "ken": {
      "doctypes": ["ken.passport.type1", "ken.passport.type2", "ken.id.type1"], 
      "lazy_config": true, 
      "options": {}, 
      "path": "ken.json"
    }, 
    "rwa": {
      "doctypes": ["rwa.passport.type1", "rwa.passport.type2", "rwa.id.type1"], 
      "lazy_config": true, 
      "options": {}, 
      "path": "rwa.json"
    }, 
    "tza": {
      "doctypes": [
        "tza.passport.type1", 
        "tza.passport.type2", 
        "tza.drvlic.type1", 
        "tza.id.type1", 
        "tza.id.type3"
      ], 
      "lazy_config": true, 
      "options": {}, 
      "path": "tza.json"
    }, 
    "uga": {
      "doctypes": ["uga.passport.type1", "uga.passport.type2", "uga.id.type1"], 
      "lazy_config": true, 
      "options": {}, 
      "path": "uga.json"
    }
  }, 
  "type": "smartid_bundle"
}