{
  "common_options": {},
  "documents": [
    "docs/ind/ind.passport.type1.json",
    "docs/ind/ind.passport.type2.json",
    "docs/ind/ind.pancard.type1.json",
    "docs/ind/ind.pancard.type2.json"
  ],
  "engines": {
    "smartid": {
      "doctypes": [
        "ind.passport.type1",
        "ind.passport.type2",
        "ind.pancard.type1",
        "ind.pancard.type2"
      ],
      "options": {
        
        
        "extractTemplateImages": "false"
      },
      "path": "ind.json",
      "type": "smartid_engine"
    }
  },
  "tplfinder": ":/tplfinder/common_tplfinder_mobile.json",
  "type": "smartid_bundle"
}