{
  "common_options": {},
  "documents": [
    "docs/ken/ken.passport.type1.json",
    "docs/ken/ken.passport.type2.json",
    "docs/ken/ken.id.type1.json"
  ],
  "engines": {
    "smartid": {
      "doctypes": [
        "ken.passport.type1",
        "ken.passport.type2",
        "ken.id.type1"
      ],
      "options": {
        
        
        "extractTemplateImages": "false"
      },
      "path": "ken.json",
      "type": "smartid_engine"
    }
  },
  "tplfinder": ":/tplfinder/common_tplfinder_mobile.json",
  "type": "smartid_bundle"
}