{
  "common_options": {},
  "documents": [
    "docs/tza/tza.drvlic.type1.json",
    "docs/tza/tza.id.type1.json",
    "docs/tza/tza.id.type3.json",
    "docs/tza/tza.passport.type1.json",
    "docs/tza/tza.passport.type2.json"
  ],
  "engines": {
    "smartid": {
      "doctypes": [
        "tza.drvlic.type1",
        "tza.id.type1",
        "tza.id.type3",
        "tza.passport.type1",
        "tza.passport.type2"
      ],
      "options": {
        
        
        "extractTemplateImages": "false"
      },
      "path": "tza.json",
      "type": "smartid_engine"
    }
  },
  "tplfinder": ":/tplfinder/common_tplfinder_mobile.json",
  "type": "smartid_bundle"
}