{
  "common_options": {},
  "documents": [
    "docs/uga/uga.passport.type1.json",
    "docs/uga/uga.passport.type2.json",
    "docs/uga/uga.id.type1.json"
  ],
  "engines": {
    "smartid": {
      "doctypes": [
        "uga.passport.type1",
        "uga.passport.type2",
        "uga.id.type1"
      ],
      "options": {
        
        
        "extractTemplateImages": "false"
      },
      "path": "uga.json",
      "type": "smartid_engine"
    }
  },
  "tplfinder": ":/tplfinder/common_tplfinder_mobile.json",
  "type": "smartid_bundle"
}