[
    {
        "(source)": "sources/ind.aadhaar.type1.back.common.sample0.png",
        "descriptors": [
            {
                "angle": 0,
                "path": "variants/ind.aadhaar.type1.back.common.sample0_0.desc"
            },
            {
                "angle": 90,
                "path": "variants/ind.aadhaar.type1.back.common.sample0_1.desc"
            },
            {
                "angle": 180,
                "path": "variants/ind.aadhaar.type1.back.common.sample0_2.desc"
            },
            {
                "angle": 270,
                "path": "variants/ind.aadhaar.type1.back.common.sample0_3.desc"
            }
        ],
        "keypoints": "variants/ind.aadhaar.type1.back.common.sample0.txt"
    },
    {
        "(source)": "sources/ind.aadhaar.type1.back.common.sample1.png",
        "descriptors": [
            {
                "angle": 0,
                "path": "variants/ind.aadhaar.type1.back.common.sample1_0.desc"
            },
            {
                "angle": 90,
                "path": "variants/ind.aadhaar.type1.back.common.sample1_1.desc"
            },
            {
                "angle": 180,
                "path": "variants/ind.aadhaar.type1.back.common.sample1_2.desc"
            },
            {
                "angle": 270,
                "path": "variants/ind.aadhaar.type1.back.common.sample1_3.desc"
            }
        ],
        "keypoints": "variants/ind.aadhaar.type1.back.common.sample1.txt"
    }
]
