{
  "mclass": "Postprocessor", 
  "settings": {
    "alphabet_postprocessor": {
      "mclass": "Postprocessor", 
      "settings": {
        "mask_str": "0123456789", 
        "matchs": {"I": "1", "O": "0"}, 
        "min_confidence": 0.2, 
        "sum_alph_confidence": 0.98, 
        "type_app": "const_alph"
      }, 
      "type": "alphabet"
    }, 
    "delta_year": 40, 
    "input_patterns": ["DDmmmYYYY"], 
    "max_date": "01.01.2100", 
    "min_date": "01.01.1990", 
    "mode": "postprocessor", 
    "pattern_match_confidence": 0.5, 
    "remove_separators": true, 
    "separators_alphabet": " -./", 
    "wrdgen_depth": 30
  }, 
  "type": "date"
}