{
  "bag_selector": ":/tplfinder/tree_without_multimatches.json", 
  "con_selector": {
    "mclass": "ConSelector", 
    "settings": {
      "hamming_distance": 28, 
      "max_edges": 500, 
      "mobile_verification_mode": true, 
      "ransac": {
        "iterations": 8000, 
        "max_diff": 0.2, 
        "min_dist": 50, 
        "threshold": 10, 
        "variants": 3
      }, 
      "rejector": {
        "min_inliers_number": 5,
        "min_inliers_diffusion": 0.05,
        "demo_frame_width_part": 0.3,
        "demo_frame_height_part": 0.4
      }, 
      "template_grid_size": 10
    }, 
    "type": "old"
  }, 
  "descriptor_size": 128, 
  "descriptor_type": "uint1"
}