{
  "bag_selector": ":/tplfinder/tree_without_multimatches.json", 
  "con_selector": {
    "mclass": "ConSelector", 
    "settings": {
      "hamming_distance": 28, 
      "max_edges": 500, 
      "mobile_verification_mode": false, 
      "ransac": {
        "iterations": 8000, 
        "max_diff": 0.4, 
        "min_dist": 50, 
        "restrictions": {
          "rotation": {"enabled": true, "value": 0.25}, 
          "side_minimal_size": {"enabled": true, "value": 1.0}, 
          "size_relative": {"enabled": true, "value": 0.4}
        }, 
        "sim_threshold": 20.0, 
        "threshold": 20, 
        "type": "similarity2d", 
        "variants": 3
      }, 
      "rejector": {"min_inliers_diffusion": 0.01}, 
      "scan_mode": true, 
      "template_grid_size": 10, 
      "use_twin_edge_filter": true
    }, 
    "type": "old"
  }, 
  "descriptor_size": 128, 
  "descriptor_type": "uint1"
}