{
  "filter_spaces": true, 
  "linesgm": {
    "mclass": "LineSegmentator", 
    "settings": {
      "allowable_expand": 1.3, 
      "blines_padding": 0.2, 
      "fcr": {
        "autocontrast": false, 
        "layer_applier": {"nn_path": "netdata/final/synthetic/mlang/eu_101_all_fcr.pb"}, 
        "scale_x": 0.75, 
        "y_padding": [0.75, 0.75]
      }, 
      "fcr_only": true, 
      "font_depth": {"W": [1.3, 1.6], "~": [0.3, 1.2]}, 
      "layer_applier": {"nn_path": "cuts_nn/sgm_rus_eng.pb"}, 
      "max_height": 45, 
      "sgm_nn_weight": 0.5, 
      "vert_correction": false
    }, 
    "type": "simple"
  }, 
  "normalize_spaces": true
}