{
  "filter_spaces": true, 
  "linesgm": {
    "mclass": "LineSegmentator", 
    "settings": {
      "allowable_expand": 1.3, 
      "blines_padding": 0.1, 
      "fcr": {
        "autocontrast": false, 
        "layer_applier": {"nn_path": "netdata/final/synthetic/mlang/eu_111_all_fcr.pb"}, 
        "scale_x": 0.75, 
        "y_padding": [0.9, 0.9]
      }, 
      "fcr_only": true, 
      "font_depth": {"IL ": [0.25, 0.5], "WM": [0.6, 1.5], "~": [0.4, 1.0]}, 
      "layer_applier": {"nn_path": "cuts_nn/sgm_rus_eng.pb"}, 
      "sgm_nn_weight": 0.5, 
      "vert_correction": true
    }, 
    "type": "simple"
  }, 
  "normalize_spaces": true
}