{
  "filter_spaces": false, 
  "linesgm": {
    "mclass": "LineSegmentator", 
    "settings": {
      "allowable_expand": 1.3, 
      "blines_padding": 0.1, 
      "fcr": {
        "autocontrast": false, 
        "layer_applier": {"nn_path": "netdata/final/synthetic/mlang/eu_111_all_fcr.pb"}, 
        "scale_x": 0.9, 
        "y_padding": [0.85, 0.85]
      }, 
      "fcr_only": true, 
      "font_depth": {" IJ/": [0.3, 0.5], "MOQWU": [0.5, 1.3], "~": [0.5, 0.9]}, 
      "layer_applier": {"nn_path": "cuts_nn/sgm_rus_eng.pb"}, 
      "sgm_nn_weight": 0.5, 
      "vert_correction": true
    }, 
    "type": "simple"
  }, 
  "normalize_spaces": true
}