{
  "mclass": "TplFinderEngineInteface", 
  "settings": {
    "extend_quad_ratio": 0.04, 
    "gauss_sigma": 0.5, 
    "max_angle_between_textlines_to_be_parallel": 0.2618, 
    "max_angle_deviation_from_median_in_graph": 0.3, 
    "max_angle_deviation_while_constructing_chains": 0.2618, 
    "max_distance_for_textlines_to_be_collinear": 0.02, 
    "max_edge_length_while_constructing_graph": 0.04, 
    "max_edges_len_deviation_while_constructing_chains": 0.3, 
    "max_interval_between_textlines": 3.8, 
    "max_len_deviation_from_aver_while_continuing_chain": 0.6, 
    "max_result_variants": 2, 
    "max_scaled_width": 800, 
    "max_textlines_len_deviation_while_clustering_textlines": 0.7, 
    "min_chain_size": 10, 
    "min_connected_component_size": 2.2e-05, 
    "min_considered_graph_connected_component_size_while_finding_roi": 25, 
    "min_interval_between_textlines": 1.4, 
    "niblack_addition": 7.0, 
    "niblack_ratio": 1.0, 
    "niblack_wing": 0.025, 
    "periodicity_tolerance_while_clustering_textlines": 0.2, 
    "return_rotated_rect": true, 
    "find_2_lines": false,
    "template_name_3_lines": "mrz:common"
  }, 
  "type": "mrz"
}