{
  "mclass": "VerticalSegmentator", 
  "settings": {
    "layout": [
      {"delta_height": 100, "height": 100, "line_type": "gap"}, 
      {
        "delta_height": 6, 
        "fields": [
          {"delta_width": 130, "field_type": "gap", "width": 130}, 
          {
            "cost": 1.0, 
            "delta_width": 200, 
            "field_name": "mrz_line1", 
            "field_type": "text", 
            "is_optional": false, 
            "width": 800
          }, 
          {"delta_width": 130, "field_type": "gap", "width": 130}
        ], 
        "height": 31, 
        "line_type": "text"
      }, 
      {"delta_height": 40, "height": 50, "line_type": "gap"}, 
      {
        "delta_height": 6, 
        "fields": [
          {"delta_width": 130, "field_type": "gap", "width": 130}, 
          {
            "cost": 1.0, 
            "delta_width": 200, 
            "field_name": "mrz_line2", 
            "field_type": "text", 
            "is_optional": false, 
            "width": 800
          }, 
          {"delta_width": 130, "field_type": "gap", "width": 130}
        ], 
        "height": 31, 
        "line_type": "text"
      }, 
      {"delta_height": 40, "height": 50, "line_type": "gap"}, 
      {
        "delta_height": 6, 
        "fields": [
          {"delta_width": 130, "field_type": "gap", "width": 130}, 
          {
            "cost": 1.0, 
            "delta_width": 200, 
            "field_name": "mrz_line3", 
            "field_type": "text", 
            "is_optional": false, 
            "width": 800
          }, 
          {"delta_width": 130, "field_type": "gap", "width": 130}
        ], 
        "height": 31, 
        "line_type": "text"
      }, 
      {"delta_height": 100, "height": 100, "line_type": "gap"}
    ], 
    "preprocessing": {
      "processing_steps": [
        {
          "settings": {
            "layer_applier": {"nn_path": ":/recstr/special_nn/vert_sgm_mrz.pb"}, 
            "scale_x": 0.6, 
            "scale_y": 0.6
          }, 
          "type": "nn_img_processing"
        }, 
        {
          "settings": {"height_downscale": 0.5, "width_downscale": 0.15}, 
          "type": "angle_detection"
        }
      ], 
      "settings": {}
    }, 
    "settings": {
      "default_gap_dp_cost": 0.0, 
      "default_gap_otsu_cost": 0.7, 
      "gap_bot": 10, 
      "gap_left": 50, 
      "gap_right": 50, 
      "gap_top": 10, 
      "grid_step_x": 1, 
      "grid_step_y": 1, 
      "local_otsu_window_wing": -1, 
      "rejection_threshold": 0.15, 
      "score_type": "otsu"
    }
  }, 
  "type": "dynamic"
}