{
  "mclass": "ZoneProcessingWorkflow", 
  "settings": {
    "common_zone_processor": {
      "mclass": "ZoneProcessingWorkflow", 
      "settings": {"vertsgm": ":/mrz-data/mrz_zone_vertsgm_2_lines.json"}, 
      "type": "common"
    }, 
    "engine_settings_path": ":/mrz-data/mrzapi_engine.json", 
    "extract_field_images": true, 
    "mrz_search_tplfinder": ":/mrz-data/mrz_tplfinder_config_anywhere_2_lines.json", 
    "perform_mrz_search": true, 
    "supported_document_types": ["mrz.mrp"]
  }, 
  "type": "mrz"
}