{
  "image_check_settings": {"focus_threshold": 85, "intensity_threshold": 70}, 
  "ocr_engine": {
    "mclass": "OcrEngine", 
    "settings": {
      "autocontrast": false, 
      "recognizer_path": ":/recstr/ocr_nn/network_6_packed.pb"
    }, 
    "type": "native"
  }, 
  "orientation_ocrengine": {
    "mclass": "OcrEngine", 
    "settings": {
      "autocontrast": false, 
      "recognizer_path": ":/recstr/special_nn/mrz_upt2.pb"
    }, 
    "type": "native"
  }, 
  "rejection_settings": {
    "field_reject_threshold": {
      "date_of_birth": 0.7, 
      "date_of_expiry": 0.7, 
      "default": 0.65, 
      "doc_type": 0.7, 
      "document_code": 0.7, 
      "document_number": 0.8, 
      "id_number": 0.8, 
      "issuing_state": 0.8, 
      "name": 0.7, 
      "nationality": 0.8, 
      "optional_data1": 0.8, 
      "optional_data2": 0.8, 
      "proprietor": 0.7, 
      "sex": 0.8, 
      "vehicle_number": 0.8, 
      "vin": 0.8
    }, 
    "focus_threshold": 55, 
    "garbage_filtering_enabled": true, 
    "salient_fields_threshold": 2
  }, 
  "segmentation_settings": {
    "count_false": 6, 
    "do_second_pass": true, 
    "doc_types": [
      {
        "gapDelta": 1, 
        "gapLine": 17, 
        "garbageTolerance": 4, 
        "htChar": 7, 
        "lambda1": 1.2, 
        "lambda2": 0.0, 
        "nGaps": 45, 
        "nLines": 2, 
        "name": "INOPASSPORT", 
        "realHtCell": 38, 
        "standard_width": 1200, 
        "wdChar": 5, 
        "wdGap": 2
      }, 
      {
        "gapDelta": 2, 
        "gapLine": 12, 
        "garbageTolerance": 4, 
        "htChar": 8, 
        "lambda1": 1.2, 
        "lambda2": 0.5, 
        "nGaps": 31, 
        "nLines": 3, 
        "name": "TD_1", 
        "realHtCell": 36, 
        "standard_width": 800, 
        "wdChar": 5, 
        "wdGap": 2
      }, 
      {
        "gapDelta": 2, 
        "gapLine": 12, 
        "garbageTolerance": 4, 
        "htChar": 8, 
        "lambda1": 1.2, 
        "lambda2": 0.5, 
        "nGaps": 31, 
        "nLines": 3, 
        "name": "CHE_DL", 
        "realHtCell": 36, 
        "standard_width": 800, 
        "wdChar": 5, 
        "wdGap": 2
      }, 
      {
        "gapDelta": 2, 
        "gapLine": 15, 
        "garbageTolerance": 4, 
        "htChar": 9, 
        "lambda1": 1.2, 
        "lambda2": 0.5, 
        "nGaps": 31, 
        "nLines": 3, 
        "name": "TD_1", 
        "realHtCell": 48, 
        "standard_width": 1200, 
        "wdChar": 6, 
        "wdGap": 3
      }, 
      {
        "gapDelta": 2, 
        "gapLine": 20, 
        "garbageTolerance": 4, 
        "htChar": 8, 
        "lambda1": 1.0, 
        "lambda2": 1.0, 
        "nGaps": 37, 
        "nLines": 2, 
        "name": "TD_2", 
        "realHtCell": 44, 
        "standard_width": 1200, 
        "wdChar": 5, 
        "wdGap": 3
      }, 
      {
        "gapDelta": 1, 
        "gapLine": 17, 
        "garbageTolerance": 4, 
        "htChar": 7, 
        "lambda1": 1.2, 
        "lambda2": 0, 
        "nGaps": 45, 
        "nLines": 2, 
        "name": "MRV_A", 
        "realHtCell": 38, 
        "standard_width": 1200, 
        "wdChar": 5, 
        "wdGap": 2
      }, 
      {
        "gapDelta": 2, 
        "gapLine": 20, 
        "garbageTolerance": 4, 
        "htChar": 8, 
        "lambda1": 1.2, 
        "lambda2": 0, 
        "nGaps": 37, 
        "nLines": 2, 
        "name": "MRV_B", 
        "realHtCell": 44, 
        "standard_width": 1200, 
        "wdChar": 5, 
        "wdGap": 3
      }, 
      {
        "gapDelta": 2, 
        "gapLine": 20, 
        "garbageTolerance": 4, 
        "htChar": 8, 
        "lambda1": 1.2, 
        "lambda2": 0, 
        "nGaps": 37, 
        "nLines": 2, 
        "name": "ID_FRANCE", 
        "realHtCell": 44, 
        "standard_width": 1200, 
        "wdChar": 5, 
        "wdGap": 3
      }, 
      {
        "gapDelta": 2, 
        "gapLine": 17, 
        "garbageTolerance": 4, 
        "htChar": 7, 
        "lambda1": 1.2, 
        "lambda2": 0, 
        "nGaps": 45, 
        "nLines": 2, 
        "name": "NATIPASSPORT", 
        "realHtCell": 32, 
        "standard_width": 1200, 
        "wdChar": 5, 
        "wdGap": 3
      }, 
      {
        "gapDelta": 1, 
        "gapLine": 17, 
        "garbageTolerance": 4, 
        "htChar": 7, 
        "lambda1": 1.2, 
        "lambda2": 0, 
        "nGaps": 45, 
        "nLines": 2, 
        "name": "MRV_RUS", 
        "realHtCell": 38, 
        "standard_width": 1200, 
        "wdChar": 5, 
        "wdGap": 2
      }, 
      {
        "gapDelta": 2, 
        "gapLine": 12, 
        "garbageTolerance": 4, 
        "htChar": 8, 
        "lambda1": 1.2, 
        "lambda2": 0.5, 
        "nGaps": 31, 
        "nLines": 3, 
        "name": "BGR_VRD", 
        "realHtCell": 36, 
        "standard_width": 800, 
        "wdChar": 5, 
        "wdGap": 2
      }
    ], 
    "img_zoom": 4, 
    "q_err": 0.2, 
    "segm_dev_thresh": 0.052, 
    "sp_threelined_margin": 0.0, 
    "sp_twolined_margin": 0.03, 
    "step": 15, 
    "thresh_gap": 10, 
    "wd_char": 5, 
    "wd_gap": 3
  }, 
  "supported_docsubtypes": {
    "BGR_VRD": {
      "line_length": 30, 
      "lines_count": 3, 
      "standard_height": 200, 
      "standard_width": 800
    }, 
    "CHE_DL": {
      "line_length": 30, 
      "lines_count": 3, 
      "standard_height": 200, 
      "standard_width": 800
    }, 
    "ID_FRANCE": {
      "line_length": 36, 
      "lines_count": 2, 
      "standard_height": 200, 
      "standard_width": 1200
    }, 
    "INOPASSPORT": {
      "line_length": 44, 
      "lines_count": 2, 
      "standard_height": 200, 
      "standard_width": 1200
    }, 
    "MRV_A": {
      "line_length": 44, 
      "lines_count": 2, 
      "standard_height": 200, 
      "standard_width": 1200
    }, 
    "MRV_B": {
      "line_length": 36, 
      "lines_count": 2, 
      "standard_height": 200, 
      "standard_width": 1200
    }, 
    "MRV_RUS": {
      "line_length": 44, 
      "lines_count": 2, 
      "standard_height": 200, 
      "standard_width": 1200
    }, 
    "NATIPASSPORT": {
      "line_length": 44, 
      "lines_count": 2, 
      "standard_height": 200, 
      "standard_width": 1200
    }, 
    "TD_1": {
      "line_length": 30, 
      "lines_count": 3, 
      "standard_height": 200, 
      "standard_width": 800
    }, 
    "TD_2": {
      "line_length": 36, 
      "lines_count": 2, 
      "standard_height": 200, 
      "standard_width": 1200
    }
  }
}