{
  "mclass": "Postprocessor", 
  "settings": {
    "mask_str": [
      "ABCDEFGHIJKLMNOPQRSTUVWXYZ", 
      "ABCDEFGHIJKLMNOPQRSTUVWXYZ", 
      "ABCDEFGHIJKLMNOPQRSTUVWXYZ", 
      "ABCDEFGHIJKLMNOPQRSTUVWXYZ", 
      "ABCDEFGHIJKLMNOPQRSTUVWXYZ", 
      "0123456789", 
      "0123456789", 
      "0123456789", 
      "0123456789", 
      "ABCDEFGHIJKLMNOPQRSTUVWXYZ"
    ], 
    "matchs": {"0": "D", "D": "0", "O": "0"}, 
    "min_confidence": 0.2, 
    "str_size": 10, 
    "sum_alph_confidence": 0.98, 
    "type_app": "univ_alph"
  }, 
  "type": "alphabet"
}