{
  "mclass": "Postprocessor", 
  "settings": {
    "mode": "custom", 
    "output_fields_sequence": [
      {"location": "left", "output_field_name": "first_name"}, 
      {
        "alphabet": ["JR", "SR", "I", "II", "III", "IV", "V", "VI", "1ST", "2ND", "3RD"], 
        "location": "right", 
        "output_field_name": "name_suffix"
      }, 
      {"location": "right", "output_field_name": "last_name"}, 
      {"location": "rest", "output_field_name": "middle_name"}
    ], 
    "separator": " "
  }, 
  "type": "splitter"
}