{
  "symbols_table": ":/postprocessor/symbols_table.json",
  "compare_fields_checks": [
    {
      "check_name": "check_gender",
      "input_fields_sequences": [["gender"]],
      "mrz_field_sequence": ["mrz_gender"]
    },
    {
      "check_name": "check_birth_date",
      "input_fields_sequences": [["birth_date"]],
      "mrz_field_sequence": ["mrz_birth_date"]
    },
    {
      "check_name": "check_expiry_date",
      "input_fields_sequences": [["expiry_date"]],
      "mrz_field_sequence": ["mrz_expiry_date"]
    },
    {
      "check_name": "check_name",
      "input_fields_sequences": [["name"]],
      "mrz_field_sequence": ["mrz_name"],
      "check_transcription_field": true,
      "strict_compare": false
    },
    {
      "check_name": "check_last_name",
      "input_fields_sequences": [["last_name"]],
      "mrz_field_sequence": ["mrz_last_name"],
      "check_transcription_field": true,
      "strict_compare": false
    },
    {
      "check_name": "check_number",
      "input_fields_sequences": [["number"]],
      "mrz_field_sequence": ["mrz_number"],
      "trash_alphabet": " №"
    }
  ]
}
