{
  "mclass": "Postprocessor", 
  "settings": {
    "postprocessors": [
      {
        "mclass": "Postprocessor", 
        "settings": {
          "alphabet_postprocessor": ":/postprocessor/alphabet/eng_letters_alphabet_postprocessor.json", 
          "inverse": true
        }, 
        "type": "symbols_near_digits_replacer"
      }, 
      {
        "mclass": "Postprocessor", 
        "settings": {
          "alphabet_postprocessor": ":/postprocessor/alphabet/digits_only_alphabet_postprocessor.json"
        }, 
        "type": "symbols_near_digits_replacer"
      }
    ]
  }, 
  "type": "multisequence"
}