{
  "face": {
    "normalize": "by_min_square", 
    "ocrengine": {
      "mclass": "OcrEngine", 
      "settings": {
        "autocontrast": false, 
        "recognizer_path": "face_d_00.pb"
      }, 
      "type": "descr"
    }
  }, 
  "face_compare_thresholds": {
    "0.0": 0.0, 
    "0.05": 14.00,
    "0.5": 19.7,
    "0.95": 24.81, 
    "1.0": 33}, 
  "face_detector": {
    "crop_stp_scale": 1.0, 
    "crop_threshold": 1.0, 
    "input_height": 920, 
    "input_width": 1080, 
    "rotate_img": true,
    "keypoints_min_count": 3, 
    "keypoints_min_value": 0.4, 
    "layer_applier": {
      "nn_path": ":/recstr/netdata/final/natural/face/face_detector_net.pb"
    }, 
    "max_scale": 250, 
    "min_scale": 21, 
    "net_detector_threshold": 0.98, 
    "stp_scale": 1.3, 
    "use_objed": false
  }, 
  "keypoints": {
    "face_coef": 3.3, 
    "keypoint_map": [
      ["kp_NoseTip"], 
      ["kp_EyeLeftOuter", "kp_EyeRightInner"], 
      ["kp_EyeLeftInner", "kp_EyeRightOuter"], 
      ["kp_MouthLeft"], 
      ["kp_UpperLipTop"], 
      ["kp_MouthRight"], 
      ["kp_UnderLipBottom"]
    ], 
    "keypoints_thresholds": {"default": 0.0}, 
    "kp_positions_input_transform": {
      "input_mul": 0.55,
      "input_add": 0.25
    },
    "kp_positions": {
      "kp_EyeLeftInner": [0.32326348, 0.47751199], 
      "kp_EyeLeftOuter": [0.15110287, 0.47365242], 
      "kp_EyeRightInner": [0.57556569, 0.47582382], 
      "kp_EyeRightOuter": [0.74587003, 0.47278426], 
      "kp_NoseTip": [0.44795704, 0.69013115], 
      "kp_UnderLipBottom": [0.45261668, 0.98084308], 
      "kp_UpperLipTop": [0.45013306, 0.8779385]
    }, 
    "layer_applier": {
      "nn_path": ":/recstr/netdata/final/natural/face/face_pnt_same_scale.pb"
    }, 
    "padding": 0.1
  }
}
