{
  "mclass": "VerticalSegmentator", 
  "settings": {
    "layout": [
      {"delta_height": 200, "height": 200, "line_type": "gap"}, 
      {
        "delta_height": 40, 
        "fields": [
          {"delta_width": 600, "field_type": "gap", "width": 600}, 
          {
            "cost": 1, 
            "delta_width": 400, 
            "field_name": "number", 
            "field_type": "text", 
            "is_optional": false, 
            "width": 600
          }, 
          {"delta_width": 330, "field_type": "gap", "width": 350}, 
          {
            "cost": 0.6, 
            "delta_width": 200, 
            "field_type": "text", 
            "is_optional": true, 
            "width": 200
          }, 
          {"delta_width": 100, "field_type": "gap", "width": 100}
        ], 
        "height": 70, 
        "line_type": "text"
      }, 
      {"delta_height": 55, "height": 60, "line_type": "gap"}, 
      {
        "delta_height": 35, 
        "fields": [
          {"delta_width": 600, "field_type": "gap", "width": 600}, 
          {
            "cost": 0.6, 
            "delta_width": 400, 
            "field_name": "vid_number", 
            "field_type": "text", 
            "is_optional": true, 
            "width": 600
          }, 
          {"delta_width": 600, "field_type": "gap", "width": 600}
        ], 
        "height": 50, 
        "line_type": "text"
      }, 
      {"delta_height": 55, "height": 60, "line_type": "gap"}, 
      {
        "delta_height": 35, 
        "fields": [
          {"delta_width": 600, "field_type": "gap", "width": 600}, 
          {
            "cost": 0.6, 
            "delta_width": 400, 
            "field_type": "text", 
            "is_optional": true, 
            "width": 600
          }, 
          {"delta_width": 600, "field_type": "gap", "width": 600}
        ], 
        "height": 50, 
        "line_type": "text"
      }, 
      {"delta_height": 200, "height": 200, "line_type": "gap"}
    ], 
    "preprocessing": {
      "processing_steps": [
        {
          "settings": {"background_closing_wx": 5, "background_closing_wy": 5}, 
          "type": "background_closing"
        }, 
        {
          "settings": {"morphology_open_wx": 20, "morphology_open_wy": 0}, 
          "type": "morphology_open"
        }, 
        {
          "settings": {
            "autocontrast_satur_black": 0.1, 
            "autocontrast_satur_white": 0.05
          }, 
          "type": "autocontrast"
        }, 
        {
          "settings": {"height_downscale": 1.0, "width_downscale": 0.5}, 
          "type": "angle_detection"
        }
      ], 
      "settings": {}
    }, 
    "settings": {
      "adapter_bot_padding": 100, 
      "default_gap_dp_cost": 0.0, 
      "default_gap_otsu_cost": 0.7, 
      "gap_bot": 15, 
      "gap_left": 15, 
      "gap_right": 15, 
      "gap_top": 15, 
      "grid_step_x": 1, 
      "grid_step_y": 1, 
      "local_otsu_window_wing": -1, 
      "rejection_threshold": 0.15, 
      "score_type": "otsu"
    }
  }, 
  "type": "dynamic"
}