{
  "mclass": "VerticalSegmentator", 
  "settings": {
    "layout": [
      {"delta_height": 50, "height": 50, "line_type": "gap"}, 
      {
        "delta_height": 25, 
        "fields": [
          {"delta_width": 140, "field_type": "gap", "width": 140}, 
          {
            "cost": 1, 
            "delta_width": 600, 
            "field_name": "field0", 
            "field_type": "text", 
            "is_optional": false, 
            "width": 660
          }, 
          {"delta_width": 725, "field_type": "gap", "width": 725}
        ], 
        "height": 40, 
        "line_type": "text"
      }, 
      {"delta_height": 70, "height": 80, "line_type": "gap"}, 
      {
        "delta_height": 25, 
        "fields": [
          {"delta_width": 140, "field_type": "gap", "width": 140}, 
          {
            "cost": 1, 
            "delta_width": 600, 
            "field_name": "field1", 
            "field_type": "text", 
            "is_optional": false, 
            "width": 660
          }, 
          {"delta_width": 725, "field_type": "gap", "width": 725}
        ], 
        "height": 40, 
        "line_type": "text"
      }, 
      {"delta_height": 70, "height": 80, "line_type": "gap"}, 
      {
        "delta_height": 25, 
        "fields": [
          {"delta_width": 140, "field_type": "gap", "width": 140}, 
          {
            "cost": 1, 
            "delta_width": 600, 
            "field_name": "field2", 
            "field_type": "text", 
            "is_optional": false, 
            "width": 660
          }, 
          {"delta_width": 725, "field_type": "gap", "width": 725}
        ], 
        "height": 40, 
        "line_type": "text"
      }, 
      {"delta_height": 70, "height": 80, "line_type": "gap"}, 
      {
        "delta_height": 25, 
        "fields": [
          {"delta_width": 140, "field_type": "gap", "width": 140}, 
          {
            "cost": 0.6, 
            "delta_width": 600, 
            "field_name": "field3", 
            "field_type": "text", 
            "is_optional": true, 
            "width": 660
          }, 
          {"delta_width": 725, "field_type": "gap", "width": 725}
        ], 
        "height": 40, 
        "line_type": "text"
      }, 
      {"delta_height": 70, "height": 80, "line_type": "gap"}, 
      {
        "delta_height": 25, 
        "fields": [
          {"delta_width": 140, "field_type": "gap", "width": 140}, 
          {
            "cost": 0.6, 
            "delta_width": 600, 
            "field_name": "field4", 
            "field_type": "text", 
            "is_optional": true, 
            "width": 660
          }, 
          {"delta_width": 725, "field_type": "gap", "width": 725}
        ], 
        "height": 40, 
        "line_type": "text"
      }, 
      {"delta_height": 70, "height": 80, "line_type": "gap"}, 
      {
        "delta_height": 25, 
        "fields": [
          {"delta_width": 140, "field_type": "gap", "width": 140}, 
          {
            "cost": 0.6, 
            "delta_width": 600, 
            "field_name": "field5", 
            "field_type": "text", 
            "is_optional": true, 
            "width": 660
          }, 
          {"delta_width": 725, "field_type": "gap", "width": 725}
        ], 
        "height": 40, 
        "line_type": "text"
      }, 
      {"delta_height": 70, "height": 80, "line_type": "gap"}, 
      {
        "delta_height": 25, 
        "fields": [
          {"delta_width": 140, "field_type": "gap", "width": 140}, 
          {
            "cost": 0.6, 
            "delta_width": 600, 
            "field_name": "field6", 
            "field_type": "text", 
            "is_optional": true, 
            "width": 660
          }, 
          {"delta_width": 725, "field_type": "gap", "width": 725}
        ], 
        "height": 40, 
        "line_type": "text"
      }, 
      {"delta_height": 70, "height": 80, "line_type": "gap"}, 
      {
        "delta_height": 25, 
        "fields": [
          {"delta_width": 140, "field_type": "gap", "width": 140}, 
          {
            "cost": 0.6, 
            "delta_width": 600, 
            "field_name": "field7", 
            "field_type": "text", 
            "is_optional": true, 
            "width": 660
          }, 
          {"delta_width": 725, "field_type": "gap", "width": 725}
        ], 
        "height": 40, 
        "line_type": "text"
      }, 
      {"delta_height": 70, "height": 80, "line_type": "gap"}, 
      {
        "delta_height": 25, 
        "fields": [
          {"delta_width": 140, "field_type": "gap", "width": 140}, 
          {
            "cost": 0.6, 
            "delta_width": 600, 
            "field_name": "field8", 
            "field_type": "text", 
            "is_optional": true, 
            "width": 660
          }, 
          {"delta_width": 725, "field_type": "gap", "width": 725}
        ], 
        "height": 40, 
        "line_type": "text"
      }, 
      {"delta_height": 200, "height": 200, "line_type": "gap"}
    ], 
    "preprocessing": {
      "processing_steps": [
        {
          "settings": {"background_closing_wx": 4, "background_closing_wy": 4}, 
          "type": "background_closing"
        }, 
        {
          "settings": {"morphology_open_wx": 20, "morphology_open_wy": 2}, 
          "type": "morphology_open"
        }, 
        {
          "settings": {"background_closing_wx": 20, "background_closing_wy": 20}, 
          "type": "background_closing"
        }, 
        {
          "settings": {"morphology_close_wx": 2, "morphology_close_wy": 5}, 
          "type": "morphology_close"
        }, 
        {
          "settings": {
            "autocontrast_satur_black": 0.05, 
            "autocontrast_satur_white": 0.05
          }, 
          "type": "autocontrast"
        }, 
        {
          "settings": {"height_downscale": 1.0, "width_downscale": 0.5}, 
          "type": "angle_detection"
        }
      ], 
      "settings": {}
    }, 
    "settings": {
      "adapter_bot_padding": 100, 
      "default_gap_dp_cost": 0.0, 
      "default_gap_otsu_cost": 0.7, 
      "gap_bot": 15, 
      "gap_left": 15, 
      "gap_right": 15, 
      "gap_top": 15, 
      "grid_step_x": 1, 
      "grid_step_y": 1, 
      "local_otsu_window_wing": -1, 
      "rejection_threshold": 0.15, 
      "score_type": "otsu"
    }
  }, 
  "type": "dynamic"
}