{
  "mclass": "VerticalSegmentator", 
  "settings": {
    "layout": [
      {"delta_height": 15, "height": 30, "line_type": "gap"}, 
      {
        "delta_height": 5, 
        "fields": [
          {"delta_width": 30, "field_type": "gap", "width": 70}, 
          {
            "cost": 1, 
            "delta_width": 490, 
            "field_name": "name0", 
            "field_type": "text", 
            "is_optional": false, 
            "width": 530
          }, 
          {"delta_width": 490, "field_type": "gap", "width": 540}
        ], 
        "height": 25, 
        "line_type": "text"
      }, 
      {"delta_height": 10, "height": 16, "line_type": "gap"}, 
      {"delta_height": 5, "height": 20, "line_type": "gap"}, 
      {
        "delta_height": 5, 
        "fields": [
          {"delta_width": 30, "field_type": "gap", "width": 70}, 
          {
            "cost": 1, 
            "delta_width": 490, 
            "field_name": "father0", 
            "field_type": "text", 
            "is_optional": false, 
            "width": 530
          }, 
          {"delta_width": 490, "field_type": "gap", "width": 540}
        ], 
        "height": 25, 
        "line_type": "text"
      }, 
      {"delta_height": 50, "height": 60, "line_type": "gap"}, 
      {
        "delta_height": 5, 
        "fields": [
          {"delta_width": 20, "field_type": "gap", "width": 40}, 
          {
            "cost": 1, 
            "delta_width": 45, 
            "field_name": "birth_date", 
            "field_type": "text", 
            "is_optional": false, 
            "width": 190
          }, 
          {"delta_width": 40, "field_type": "gap", "width": 460}
        ], 
        "height": 25, 
        "line_type": "text"
      }, 
      {"delta_height": 35, "height": 85, "line_type": "gap"}, 
      {
        "delta_height": 5, 
        "fields": [
          {"delta_width": 20, "field_type": "gap", "width": 40}, 
          {
            "cost": 1, 
            "delta_width": 20, 
            "field_name": "number", 
            "field_type": "text", 
            "is_optional": false, 
            "width": 210
          }, 
          {"delta_width": 20, "field_type": "gap", "width": 410}
        ], 
        "height": 25, 
        "line_type": "text"
      }, 
      {"delta_height": 40, "height": 80, "line_type": "gap"}
    ], 
    "preprocessing": {
      "processing_steps": [
        {"settings": {"blink_removing_percent": 0.1}, "type": "blink_removing"}, 
        {
          "settings": {"background_closing_wx": 6, "background_closing_wy": 3}, 
          "type": "background_closing"
        }, 
        {
          "settings": {"morphology_open_wx": 15, "morphology_open_wy": 3}, 
          "type": "morphology_open"
        }, 
        {
          "settings": {"autocontrast_satur_black": 0.1, "autocontrast_satur_white": 0.5}, 
          "type": "autocontrast"
        }
      ], 
      "settings": {}
    }, 
    "settings": {
      "default_gap_dp_cost": 0.0, 
      "default_gap_otsu_cost": 0.7, 
      "gap_bot": 7, 
      "gap_left": 6, 
      "gap_right": 20, 
      "gap_top": 7, 
      "grid_step_x": 1, 
      "grid_step_y": 1, 
      "local_otsu_window_wing": -1, 
      "rejection_threshold": 0.15, 
      "score_type": "otsu"
    }
  }, 
  "type": "dynamic"
}