{
  "mclass": "VerticalSegmentator", 
  "settings": {
    "layout": [
      {"delta_height": 120, "height": 125, "line_type": "gap"}, 
      {
        "delta_height": 10, 
        "fields": [
          {"delta_width": 40, "field_type": "gap", "width": 340}, 
          {
            "cost": 1, 
            "delta_width": 50, 
            "field_name": "number", 
            "field_type": "text", 
            "is_optional": false, 
            "width": 215
          }, 
          {"delta_width": 75, "field_type": "gap", "width": 150}
        ], 
        "height": 30, 
        "line_type": "text"
      }, 
      {"delta_height": 30, "height": 65, "line_type": "gap"}, 
      {
        "delta_height": 10, 
        "fields": [
          {"delta_width": 70, "field_type": "gap", "width": 80}, 
          {
            "cost": 1, 
            "delta_width": 500, 
            "field_name": "name0", 
            "field_type": "text", 
            "is_optional": false, 
            "width": 520
          }, 
          {"delta_width": 520, "field_type": "gap", "width": 555}
        ], 
        "height": 23, 
        "line_type": "text"
      }, 
      {"delta_height": 10, "height": 15, "line_type": "gap"}, 
      {
        "delta_height": 10, 
        "fields": [
          {"delta_width": 70, "field_type": "gap", "width": 80}, 
          {
            "cost": 0.6, 
            "delta_width": 500, 
            "field_name": "name1", 
            "field_type": "text", 
            "is_optional": true, 
            "width": 520
          }, 
          {"delta_width": 520, "field_type": "gap", "width": 555}
        ], 
        "height": 23, 
        "line_type": "text"
      }, 
      {"delta_height": 20, "height": 60, "line_type": "gap"}, 
      {
        "delta_height": 10, 
        "fields": [
          {"delta_width": 90, "field_type": "gap", "width": 100}, 
          {
            "cost": 1, 
            "delta_width": 500, 
            "field_name": "father0", 
            "field_type": "text", 
            "is_optional": false, 
            "width": 520
          }, 
          {"delta_width": 520, "field_type": "gap", "width": 555}
        ], 
        "height": 23, 
        "line_type": "text"
      }, 
      {"delta_height": 10, "height": 15, "line_type": "gap"}, 
      {
        "delta_height": 10, 
        "fields": [
          {"delta_width": 90, "field_type": "gap", "width": 100}, 
          {
            "cost": 0.6, 
            "delta_width": 500, 
            "field_name": "father1", 
            "field_type": "text", 
            "is_optional": true, 
            "width": 520
          }, 
          {"delta_width": 520, "field_type": "gap", "width": 555}
        ], 
        "height": 23, 
        "line_type": "text"
      }, 
      {"delta_height": 30, "height": 70, "line_type": "gap"}, 
      {
        "delta_height": 10, 
        "fields": [
          {"delta_width": 90, "field_type": "gap", "width": 100}, 
          {
            "cost": 1, 
            "delta_width": 60, 
            "field_name": "birth_date", 
            "field_type": "text", 
            "is_optional": false, 
            "width": 150
          }, 
          {"delta_width": 70, "field_type": "gap", "width": 470}
        ], 
        "height": 23, 
        "line_type": "text"
      }, 
      {"delta_height": 80, "height": 80, "line_type": "gap"}
    ], 
    "preprocessing": {
      "processing_steps": [
        {"settings": {"blink_removing_percent": 0.1}, "type": "blink_removing"}, 
        {
          "settings": {"background_closing_wx": 4, "background_closing_wy": 4}, 
          "type": "background_closing"
        }, 
        {
          "settings": {"morphology_open_wx": 15, "morphology_open_wy": 1}, 
          "type": "morphology_open"
        }, 
        {
          "settings": {
            "autocontrast_satur_black": 0.01, 
            "autocontrast_satur_white": 0.1
          }, 
          "type": "autocontrast"
        }, 
        {
          "settings": {"height_downscale": 1.0, "width_downscale": 0.5}, 
          "type": "angle_detection"
        }
      ], 
      "settings": {}
    }, 
    "settings": {
      "default_gap_dp_cost": 0.0, 
      "default_gap_otsu_cost": 0.7, 
      "gap_bot": 7, 
      "gap_left": 10, 
      "gap_right": 15, 
      "gap_top": 6, 
      "grid_step_x": 1, 
      "grid_step_y": 1, 
      "local_otsu_window_wing": -1, 
      "rejection_threshold": 0.15, 
      "score_type": "otsu"
    }
  }, 
  "type": "dynamic"
}