{
  "mclass": "VerticalSegmentator", 
  "settings": {
    "layout": [
      {"delta_height": 20, "height": 20, "line_type": "gap"}, 
      {
        "delta_height": 10, 
        "fields": [
          {"delta_width": 50, "field_type": "gap", "width": 50}, 
          {
            "cost": 1, 
            "delta_width": 160, 
            "field_name": "TEXT", 
            "field_type": "text", 
            "is_optional": false, 
            "width": 180
          }, 
          {"delta_width": 150, "field_type": "gap", "width": 170}
        ], 
        "height": 20, 
        "line_type": "text"
      }, 
      {"delta_height": 10, "height": 15, "line_type": "gap"}, 
      {
        "delta_height": 10, 
        "fields": [
          {"delta_width": 30, "field_type": "gap", "width": 50}, 
          {
            "cost": 1, 
            "delta_width": 30, 
            "field_name": "type", 
            "field_type": "text", 
            "is_optional": false, 
            "width": 40
          }, 
          {"delta_width": 40, "field_type": "gap", "width": 120}
        ], 
        "height": 20, 
        "line_type": "text"
      }, 
      {"delta_height": 40, "height": 40, "line_type": "gap"}
    ], 
    "preprocessing": {
      "processing_steps": [
        {
          "settings": {"background_closing_wx": 5, "background_closing_wy": 5}, 
          "type": "background_closing"
        }, 
        {
          "settings": {"morphology_open_wx": 15, "morphology_open_wy": 0}, 
          "type": "morphology_open"
        }, 
        {
          "settings": {"morphology_close_wx": 0, "morphology_close_wy": 2}, 
          "type": "morphology_close"
        }, 
        {
          "settings": {"autocontrast_satur_black": 0.1, "autocontrast_satur_white": 0.3}, 
          "type": "autocontrast"
        }, 
        {
          "settings": {"height_downscale": 1.0, "width_downscale": 0.5}, 
          "type": "angle_detection"
        }
      ], 
      "settings": {}
    }, 
    "settings": {
      "default_gap_dp_cost": 0.0, 
      "default_gap_otsu_cost": 0.7, 
      "gap_bot": 13, 
      "gap_left": 7, 
      "gap_right": 15, 
      "gap_top": 7, 
      "grid_step_x": 1, 
      "grid_step_y": 1, 
      "local_otsu_window_wing": -1, 
      "rejection_threshold": 0.15, 
      "score_type": "otsu"
    }
  }, 
  "type": "dynamic"
}