{
  "mclass": "VerticalSegmentator", 
  "settings": {
    "layout": [
      {"delta_height": 55, "height": 65, "line_type": "gap"}, 
      {
        "delta_height": 6, 
        "fields": [
          {"delta_width": 50, "field_type": "gap", "width": 550}, 
          {
            "cost": 1, 
            "delta_width": 40, 
            "field_name": "number", 
            "field_type": "text", 
            "is_optional": false, 
            "width": 270
          }, 
          {"delta_width": 60, "field_type": "gap", "width": 90}
        ], 
        "height": 35, 
        "line_type": "text"
      }, 
      {"delta_height": 15, "height": 50, "line_type": "gap"}, 
      {
        "delta_height": 10, 
        "fields": [
          {"delta_width": 50, "field_type": "gap", "width": 60}, 
          {
            "cost": 0.6, 
            "delta_width": 780, 
            "field_name": "last_name", 
            "field_type": "text", 
            "is_optional": false, 
            "width": 820
          }, 
          {"delta_width": 780, "field_type": "gap", "width": 780}
        ], 
        "height": 25, 
        "line_type": "text"
      }, 
      {"delta_height": 15, "height": 70, "line_type": "gap"},
      {
        "delta_height": 10, 
        "fields": [
          {"delta_width": 50, "field_type": "gap", "width": 60}, 
          {
            "cost": 0.6, 
            "delta_width": 780, 
            "field_name": "name", 
            "field_type": "text", 
            "is_optional": false, 
            "width": 820
          }, 
          {"delta_width": 780, "field_type": "gap", "width": 780}
        ], 
        "height": 25, 
        "line_type": "text"
      }, 
      {"delta_height": 15, "height": 70, "line_type": "gap"},
      {
        "delta_height": 10, 
        "fields": [
          {"delta_width": 50, "field_type": "gap", "width": 60}, 
          {
            "cost": 0.6, 
            "delta_width": 40, 
            "field_name": "birth_date", 
            "field_type": "text", 
            "is_optional": false, 
            "width": 200
          }, 
          {"delta_width": 20, "field_type": "gap", "width": 150},
          {
            "cost": 0.6, 
            "delta_width": 20, 
            "field_name": "gender", 
            "field_type": "text", 
            "is_optional": false, 
            "width": 35
          }, 
          {"delta_width": 60, "field_type": "gap", "width": 480}
        ], 
        "height": 25, 
        "line_type": "text"
      }, 
      {"delta_height": 15, "height": 70, "line_type": "gap"},
      {
        "delta_height": 10, 
        "fields": [
          {"delta_width": 50, "field_type": "gap", "width": 60}, 
          {
            "cost": 0.6, 
            "delta_width": 780, 
            "field_name": "birth_place", 
            "field_type": "text", 
            "is_optional": false, 
            "width": 820
          }, 
          {"delta_width": 780, "field_type": "gap", "width": 780}
        ], 
        "height": 25, 
        "line_type": "text"
      }, 
      {"delta_height": 15, "height": 70, "line_type": "gap"},
      {
        "delta_height": 10, 
        "fields": [
          {"delta_width": 50, "field_type": "gap", "width": 60}, 
          {
            "cost": 0.6, 
            "delta_width": 780, 
            "field_name": "issue_place", 
            "field_type": "text", 
            "is_optional": false, 
            "width": 820
          }, 
          {"delta_width": 780, "field_type": "gap", "width": 780}
        ], 
        "height": 25, 
        "line_type": "text"
      }, 
      {"delta_height": 15, "height": 65, "line_type": "gap"},
      {
        "delta_height": 10, 
        "fields": [
          {"delta_width": 50, "field_type": "gap", "width": 60}, 
          {
            "cost": 0.6, 
            "delta_width": 40, 
            "field_name": "issue_date", 
            "field_type": "text", 
            "is_optional": false, 
            "width": 200
          }, 
          {"delta_width": 40, "field_type": "gap", "width": 320},
          {
            "cost": 0.6, 
            "delta_width": 40, 
            "field_name": "expiry_date", 
            "field_type": "text", 
            "is_optional": false, 
            "width": 200
          }, 
          {"delta_width": 60, "field_type": "gap", "width": 135}
        ], 
        "height": 25, 
        "line_type": "text"
      }, 
      {"delta_height": 50, "height": 80, "line_type": "gap"}
    ], 
    "preprocessing": {
      "processing_steps": [
        {
          "settings": {"background_closing_wx": 5, "background_closing_wy": 5}, 
          "type": "background_closing"
        }, 
        {
          "settings": {"morphology_open_wx": 21, "morphology_open_wy": 0}, 
          "type": "morphology_open"
        }, 
        {
          "settings": {"morphology_close_wx": 0, "morphology_close_wy": 8}, 
          "type": "morphology_close"
        }, 
        {
          "settings": {"autocontrast_satur_black": 0.05, "autocontrast_satur_white": 0.1}, 
          "type": "autocontrast"
        }, 
        {
          "settings": {"height_downscale": 1.0, "width_downscale": 0.5}, 
          "type": "angle_detection"
        }
      ], 
      "settings": {}
    }, 
    "settings": {
      "default_gap_dp_cost": 0.0, 
      "default_gap_otsu_cost": 0.7, 
      "gap_bot": 15, 
      "gap_left": 15, 
      "gap_right": 15, 
      "gap_top": 5, 
      "grid_step_x": 1, 
      "grid_step_y": 1, 
      "local_otsu_window_wing": -1, 
      "rejection_threshold": 0.15, 
      "score_type": "otsu"
    }
  }, 
  "type": "dynamic"
}