{
  "mclass": "VerticalSegmentator", 
  "settings": {
    "layout": [
      {"delta_height": 55, "height": 55, "line_type": "gap"}, 
      {
        "delta_height": 6, 
        "fields": [
          {"delta_width": 50, "field_type": "gap", "width": 355}, 
          {
            "cost": 1, 
            "delta_width": 40, 
            "field_name": "number", 
            "field_type": "text", 
            "is_optional": false, 
            "width": 170
          }, 
          {"delta_width": 55, "field_type": "gap", "width": 55}
        ], 
        "height": 18, 
        "line_type": "text"
      }, 
      {"delta_height": 50, "height": 50, "line_type": "gap"}, 
      {
        "delta_height": 6, 
        "fields": [
          {"delta_width": 35, "field_type": "gap", "width": 40}, 
          {
            "cost": 0.6, 
            "delta_width": 455, 
            "field_name": "last_name", 
            "field_type": "text", 
            "is_optional": true, 
            "width": 465
          }, 
          {"delta_width": 465, "field_type": "gap", "width": 510}
        ], 
        "height": 18, 
        "line_type": "text"
      }, 
      {"delta_height": 20, "height": 40, "line_type": "gap"}, 
      {
        "delta_height": 6, 
        "fields": [
          {"delta_width": 35, "field_type": "gap", "width": 40}, 
          {
            "cost": 1, 
            "delta_width": 455, 
            "field_name": "name", 
            "field_type": "text", 
            "is_optional": false, 
            "width": 465
          }, 
          {"delta_width": 465, "field_type": "gap", "width": 510}
        ], 
        "height": 18, 
        "line_type": "text"
      }, 
      {"delta_height": 20, "height": 45, "line_type": "gap"}, 
      {
        "delta_height": 6, 
        "fields": [
          {"delta_width": 100, "field_type": "gap", "width": 300}, 
          {
            "cost": 1, 
            "delta_width": 25, 
            "field_name": "gender", 
            "field_type": "text", 
            "is_optional": false, 
            "width": 35
          }, 
          {"delta_width": 60, "field_type": "gap", "width": 110}, 
          {
            "cost": 1, 
            "delta_width": 50, 
            "field_name": "birth_date", 
            "field_type": "text", 
            "is_optional": false, 
            "width": 175
          }, 
          {"delta_width": 60, "field_type": "gap", "width": 80}
        ], 
        "height": 18, 
        "line_type": "text"
      }, 
      {"delta_height": 40, "height": 40, "line_type": "gap"}, 
      {
        "delta_height": 6, 
        "fields": [
          {"delta_width": 105, "field_type": "gap", "width": 110}, 
          {
            "cost": 1, 
            "delta_width": 455, 
            "field_name": "birth_place", 
            "field_type": "text", 
            "is_optional": false, 
            "width": 465
          }, 
          {"delta_width": 465, "field_type": "gap", "width": 510}
        ], 
        "height": 18, 
        "line_type": "text"
      }, 
      {"delta_height": 40, "height": 50, "line_type": "gap"}, 
      {
        "delta_height": 6, 
        "fields": [
          {"delta_width": 30, "field_type": "gap", "width": 110}, 
          {
            "cost": 1, 
            "delta_width": 400, 
            "field_name": "issue_place", 
            "field_type": "text", 
            "is_optional": false, 
            "width": 410
          }, 
          {"delta_width": 410, "field_type": "gap", "width": 425}
        ], 
        "height": 18, 
        "line_type": "text"
      }, 
      {"delta_height": 30, "height": 40, "line_type": "gap"}, 
      {
        "delta_height": 6, 
        "fields": [
          {"delta_width": 30, "field_type": "gap", "width": 110}, 
          {
            "cost": 1, 
            "delta_width": 35, 
            "field_name": "issue_date", 
            "field_type": "text", 
            "is_optional": false, 
            "width": 175
          }, 
          {"delta_width": 55, "field_type": "gap", "width": 110}, 
          {
            "cost": 1, 
            "delta_width": 50, 
            "field_name": "expiry_date", 
            "field_type": "text", 
            "is_optional": false, 
            "width": 170
          }, 
          {"delta_width": 60, "field_type": "gap", "width": 75}
        ], 
        "height": 18, 
        "line_type": "text"
      }, 
      {"delta_height": 60, "height": 60, "line_type": "gap"}
    ], 
    "preprocessing": {
      "processing_steps": [
        {
          "settings": {"background_closing_wx": 5, "background_closing_wy": 5}, 
          "type": "background_closing"
        }, 
        {
          "settings": {"morphology_open_wx": 15, "morphology_open_wy": 0}, 
          "type": "morphology_open"
        }, 
        {
          "settings": {"morphology_close_wx": 0, "morphology_close_wy": 2}, 
          "type": "morphology_close"
        }, 
        {
          "settings": {"autocontrast_satur_black": 0.1, "autocontrast_satur_white": 0.3}, 
          "type": "autocontrast"
        }, 
        {
          "settings": {"height_downscale": 1.0, "width_downscale": 0.5}, 
          "type": "angle_detection"
        }
      ], 
      "settings": {}
    }, 
    "settings": {
      "default_gap_dp_cost": 0.0, 
      "default_gap_otsu_cost": 0.7, 
      "gap_bot": 7, 
      "gap_left": 7, 
      "gap_right": 15, 
      "gap_top": 5, 
      "grid_step_x": 1, 
      "grid_step_y": 1, 
      "local_otsu_window_wing": -1, 
      "rejection_threshold": 0.15, 
      "score_type": "otsu"
    }
  }, 
  "type": "dynamic"
}