{
  "ken.id.type1": {
    "(documentation)": {
      "description": "Kenyan ID Card (Kenyan coat of arms on the top and a fingerprint in the bottom-right corner, front side)", 
      "name": "Kenyan ID Card"
    }, 
    "expected_templates": [], 
    "forensic_fields": [
      "check_0000000000001", 
      "check_0000000001001", 
      "check_0000000000002", 
      "check_number", 
      "check_last_name", 
      "check_name", 
      "check_gender", 
      "check_birth_date", 
      "check_expiry_date", 
      "check_cd_composite_mrz", 
      "check_cd_number_mrz", 
      "check_cd_birth_date_mrz", 
      "check_cd_opt_data_2_mrz", 
      "check_cd_expiry_date_mrz", 
      "check_1000000002002"
    ], 
    "output_fields": [
      "name", 
      "gender", 
      "number", 
      "id_number", 
      "birth_date", 
      "issue_date", 
      "birth_place", 
      "issue_place", 
      "address", 
      "number2", 
      "photo", 
      "signature", 
      "full_mrz", 
      "mrz_doc_type_code", 
      "mrz_issuer", 
      "mrz_expiry_date", 
      "mrz_opt_data_1", 
      "mrz_opt_data_2", 
      "mrz_birth_date", 
      "mrz_nationality", 
      "mrz_line3", 
      "mrz_number", 
      "mrz_line1", 
      "mrz_gender", 
      "mrz_line2", 
      "mrz_last_name", 
      "mrz_name"
    ], 
    "postprocessors": [
      ":/postprocessor/mrz/mrz_postprocessor_slot.json", 
      ":/postprocessor/mrz/mrz_convention_renaming_slot_notype.json", 
      {
        "input_fields": ["birth_date"], 
        "postprocessor": ":/postprocessor/date/default_birth_date_DDMMYYYY_postprocessor.json"
      }, 
      {
        "input_fields": ["issue_date"], 
        "postprocessor": ":/postprocessor/date/default_issue_date_DDMMYYYY_postprocessor.json"
      }, 
      {
        "input_fields": ["gender"], 
        "postprocessor": ":/postprocessor/dict/male_female.json"
      }, 
      {
        "input_fields": ["number"], 
        "postprocessor": ":/postprocessor/alphabet/digits_only_number_9_postprocessor.json"
      }, 
      {
        "input_fields": ["id_number"], 
        "postprocessor": ":/postprocessor/alphabet/digits_only_number_8_postprocessor.json"
      }, 
      {"input_fields": ["number2"], "postprocessor": ":/postprocessor/O0_replacer.json"}, 
      ":/postprocessor/check_mrz/id_check_mrz_fields_postprocessor_slot_variant01.json", 
      {
        "allow_incomplete_inputs": true, 
        "input_fields": ["check_signature_presence"], 
        "output_fields": ["check_signature_presence", "check_1000000002002"], 
        "postprocessor": ":/postprocessor/fraud/signatures_check_aggregator.json"
      }
    ], 
    "rejectors": {"__default__": ":/rejector/default_loyal_rejector.json"}, 
    "templates": {
      "ken.id.type1:back": {"path": "tpl__ken.id.type1.back.json"}, 
      "ken.id.type1:front": {"path": "tpl__ken.id.type1.front.json"}
    }
  }
}