{
  "ken.passport.type2": {
    "(documentation)": {
      "description": "Kenyan Passport (round stamp in the top-right corner and barcode above the mrz zone, main page)", 
      "name": "Kenyan Passport", 
      "prado_link": "http://www.consilium.europa.eu/prado/en/KEN-AO-02001/index.html"
    }, 
   "forensic_fields": ["check_0000000000001","check_0000000001001",
      "check_0000000000002", 
      "check_number", 
      "check_last_name", 
      "check_name", 
      "check_gender", 
      "check_birth_date", 
      "check_expiry_date", 
      "check_cd_composite_mrz", 
      "check_cd_number_mrz", 
      "check_cd_birth_date_mrz", 
      "check_cd_opt_data_2_mrz", 
      "check_cd_expiry_date_mrz"
    ], 
    "output_fields": [
      "name", 
      "name_eng", 
      "last_name", 
      "last_name_eng", 
      "number", 
      "id_number", 
      "nationality", 
      "nationality_eng", 
      "birth_date", 
      "birth_place", 
      "birth_place_eng", 
      "gender", 
      "issue_date", 
      "expiry_date", 
      "authority", 
      "authority_eng", 
      "mrz_doc_type_code", 
      "mrz_birth_date", 
      "mrz_expiry_date", 
      "mrz_number", 
      "mrz_name", 
      "mrz_issuer", 
      "mrz_nationality", 
      "mrz_opt_data_2", 
      "mrz_last_name", 
      "mrz_line1", 
      "mrz_line2", 
      "full_mrz", 
      "mrz_gender", 
      "photo", 
      "signature"
    ], 
    "postprocessors": [
      ":/postprocessor/mrz/mrz_postprocessor_slot.json", 
      ":/postprocessor/mrz/mrz_convention_renaming_slot_notype.json", 
      {
        "input_fields": ["birth_date"], 
        "postprocessor": "postprocessors/psp_birth_date_postprocessor.json"
      }, 
      {
        "input_fields": ["issue_date"], 
        "postprocessor": "postprocessors/psp_issue_date_postprocessor.json"
      }, 
      {
        "input_fields": ["expiry_date"], 
        "postprocessor": "postprocessors/psp_expiry_date_postprocessor.json"
      }, 
      {"input_fields": ["gender"], "postprocessor": ":/postprocessor/dict/M_F.json"}, 
      {
        "input_fields": ["authority"], 
        "postprocessor": ":/postprocessor/symbols_and_digits_replacer.json"
      }, 
      {
        "input_fields": ["number"], 
        "postprocessor": "postprocessors/passport_number_postprocessor.json"
      }, 
      {
        "input_fields": ["birth_date"], 
        "postprocessor": ":/postprocessor/date/default_birth_date_DDMMYYYY_postprocessor.json"
      }, 
      {
        "input_fields": ["issue_date"], 
        "postprocessor": ":/postprocessor/date/default_issue_date_DDMMYYYY_postprocessor.json"
      }, 
      {
        "input_fields": ["expiry_date"], 
        "postprocessor": ":/postprocessor/date/default_expiry_date_DDMMYYYY_postprocessor.json"
      }, 
      ":/postprocessor/check_dates_postprocessor_slot.json", 
      ":/postprocessor/passport_check_mrz_fields_postprocessor_slot.json", 
      {
        "allow_incomplete_inputs": true, 
        "input_fields": ["nationality", "last_name", "birth_place", "name", "authority"], 
        "output_fields": [
          "nationality", 
          "nationality_eng", 
          "last_name", 
          "last_name_eng", 
          "birth_place", 
          "birth_place_eng", 
          "name", 
          "name_eng", 
          "authority", 
          "authority_eng"
        ], 
        "postprocessor": {
          "mclass": "Postprocessor", 
          "settings": {
            "cloning_map": {
              "authority": "authority_eng", 
              "birth_place": "birth_place_eng", 
              "last_name": "last_name_eng", 
              "name": "name_eng", 
              "nationality": "nationality_eng"
            }
          }, 
          "type": "clone"
        }
      }
    ], 
    "rejectors": {"__default__": ":/rejector/default_loyal_rejector.json"}, 
    "templates": {
      "ken.passport.type2:main": {"path": "tpl__ken.passport.type2.main.json"}
    }
  }
}