{
  "ken.id.type1:back": {
    "config": "templates/ken.id.type1.back.common.json", 
    "expected_fields": ["full_mrz"], 
    "field_group_preprocessors": {
      "lettercase_detector": {
        "workflow": {
          "mclass": "FieldGroupProcessingWorkflow", 
          "settings": {
            "fcr": {
              "autocontrast": false, 
              "layer_applier": {
                "nn_path": ":/recstr/netdata/final/synthetic/wrtsys/lc_detector.pb"
              }, 
              "scale_x": 0.75, 
              "y_padding": [0.5, 0.5]
            }, 
            "group_name": "lc", 
            "hot_pin": "S", 
            "input_fields": {
              "address0": 1.0, 
              "address1": 1.0,
              "address2": 1.0, 
              "address3": 1.0,  
              "name": 1.0
            }, 
            "mode": "m_once", 
            "pin_translation": {" ": "spaces", "C": "caps", "S": "small"}, 
            "target_attribute": "lettercase"
          }, 
          "type": "text_props_processor"
        }
      }
    }, 
    "fields": {
      "address0": {
        "scale": 1.9, 
        "workflow": "field_processors/birth_place_tpl__ken.id.type1.front.json"
      }, 
      "address1": {
        "scale": 1.9, 
        "workflow": "field_processors/birth_place_tpl__ken.id.type1.front.json"
      }, 
      "address2": {
        "scale": 1.9, 
        "workflow": "field_processors/birth_place_tpl__ken.id.type1.front.json"
      }, 
      "address3": {
        "scale": 1.9, 
        "workflow": "field_processors/birth_place_tpl__ken.id.type1.front.json"
      }, 
      "mrz_line1": {"scale": 1.2, "workflow": ":/mrz-data/mrz_field_workflow.json"}, 
      "mrz_line2": {"scale": 1.2, "workflow": ":/mrz-data/mrz_field_workflow.json"}, 
      "mrz_line3": {"scale": 1.2, "workflow": ":/mrz-data/mrz_field_workflow.json"}, 
      "number2": {
        "scale": 1.6, 
        "workflow": "field_processors/birth_date_tpl__ken.passport.type2.main.json"
      }
    }, 
    "formatters": [
      ":/postprocessor/mrz/mrz_formatter_slot_new_td1.json", 
      {
        "formatter": ":/postprocessor/punctuation_filter.json", 
        "input_fields": ["number2"]
      },
      {
        "allow_incomplete_inputs": true, 
        "input_fields": ["address0", "address1", "address2", "address3"], 
        "output_fields": ["address", "address0", "address1", "address2", "address3"], 
        "postprocessor": {
          "mclass": "Postprocessor", 
          "settings": {
            "input_fields_sequence": ["address0", "address1", "address2", "address3"], 
            "output_field": "address", 
            "separator": " "
          }, 
          "type": "merge"
        }
      }
    ], 
    "image_integrators": {"__default__": ":/integrator/default_image_integrator.json"}, 
    "integrators": {
      "__default__": ":/integrator/default_token_integrator.json", 
      "full_mrz": ":/integrator/default_mrz_integrator.json"
    }, 
    "size": [856, 540], 
    "zones": {
      "mrz_zone": {
        "rect": [0, 325, 856, 215], 
        "size_override": [800, 200], 
        "workflow": ":/mrz-data/mrz_zone_workflow_td1.json"
      }, 
      "zone1": {
        "rect": [0, 0, 856, 340], 
        "workflow": {
          "mclass": "ZoneProcessingWorkflow", 
          "settings": {"vertsgm": "vertsgm/id_type1_back_data_zone_with_dp.json"}, 
          "type": "common"
        }
      }
    }
  }
}