{
  "ken.id.type1:front": {
    "config": "templates/ken.id.type1.front.common.json", 
    "expected_fields": [
      "name", 
      "gender", 
      "number", 
      "id_number", 
      "birth_date", 
      "issue_date", 
      "birth_place", 
      "issue_place", 
      "photo", 
      "signature"
    ], 
    "field_group_preprocessors": {
      "image_checks": {
        "workflow": {
          "mclass": "FieldGroupProcessingWorkflow", 
          "settings": {
            "detector": ":/signature_retriever/psp_signature_detector.json", 
            "group_name": "image_checks", 
            "input_fields": ["signature"], 
            "output_fields": ["check_signature_presence"], 
            "subtype": "signature"
          }, 
          "type": "check_image"
        }
      }, 
      "lettercase_detector": {
        "workflow": {
          "mclass": "FieldGroupProcessingWorkflow", 
          "settings": {
            "fcr": {
              "autocontrast": false, 
              "layer_applier": {
                "nn_path": ":/recstr/netdata/final/synthetic/wrtsys/lc_detector.pb"
              }, 
              "scale_x": 0.75, 
              "y_padding": [0.5, 0.5]
            }, 
            "group_name": "lc", 
            "hot_pin": "S", 
            "input_fields": {
              "birth_place": 1.0, 
              "gender": 1.0, 
              "issue_place": 1.0, 
              "name": 1.0
            }, 
            "mode": "m_once", 
            "pin_translation": {" ": "spaces", "C": "caps", "S": "small"}, 
            "target_attribute": "lettercase"
          }, 
          "type": "text_props_processor"
        }
      }
    }, 
    "fields": {
      "birth_date": {
        "scale": 1.8, 
        "workflow": {
          "mclass": "FieldProcessingWorkflow", 
          "settings": {
            "custom_alphabet": "0123456789 -/", 
            "recstr": ":/recstr/001__n0094_recstr.json"
          }, 
          "type": "common"
        }
      }, 
      "birth_place": {
        "scale": 1.8, 
        "workflow": "field_processors/birth_place_tpl__ken.id.type1.front.json"
      }, 
      "check_signature_presence": {
        "workflow": {"mclass": "FieldProcessingWorkflow", "settings": {}, "type": "dummy"}
      }, 
      "gender": {
        "scale": 1.8, 
        "workflow": "field_processors/birth_place_tpl__ken.id.type1.front.json"
      }, 
      "id_number": {
        "scale": 1.6, 
        "workflow": {
          "mclass": "FieldProcessingWorkflow", 
          "settings": {
            "custom_alphabet": "0123456789 ", 
            "recstr": ":/recstr/001__n0028_recstr.json"
          }, 
          "type": "common"
        }
      }, 
      "issue_date": {
        "scale": 1.8, 
        "workflow": {
          "mclass": "FieldProcessingWorkflow", 
          "settings": {
            "custom_alphabet": "0123456789 -/", 
            "recstr": ":/recstr/001__n0094_recstr.json"
          }, 
          "type": "common"
        }
      }, 
      "issue_place": {
        "scale": 1.8, 
        "workflow": "field_processors/birth_place_tpl__ken.id.type1.front.json"
      }, 
      "name": {
        "scale": 1.6, 
        "workflow": "field_processors/name_tpl__ken.id.type1.front.json"
      }, 
      "number": {
        "scale": 1.6, 
        "workflow": {
          "mclass": "FieldProcessingWorkflow", 
          "settings": {
            "custom_alphabet": "0123456789 ", 
            "recstr": ":/recstr/001__n0028_recstr.json"
          }, 
          "type": "common"
        }
      }, 
      "photo": {
        "workflow": {"mclass": "FieldProcessingWorkflow", "settings": {}, "type": "image"}
      }, 
      "signature": {
        "workflow": {"mclass": "FieldProcessingWorkflow", "settings": {}, "type": "image"}
      }
    }, 
    "formatters": [
      {
        "formatter": ":/postprocessor/punctuation_filter.json", 
        "input_fields": ["number"]
      }, 
      {
        "formatter": ":/postprocessor/punctuation_filter.json", 
        "input_fields": ["id_number"]
      }, 
      {
        "formatter": ":/postprocessor/date/default_birth_date_DDMMYYYY_formatter.json", 
        "input_fields": ["birth_date"]
      }, 
      {
        "formatter": ":/postprocessor/date/default_issue_date_DDMMYYYY_formatter.json", 
        "input_fields": ["issue_date"]
      }
    ], 
    "image_integrators": {
      "__default__": ":/integrator/default_image_integrator.json", 
      "photo": ":/integrator/default_photo_integrator.json"
    }, 
    "integrators": {
      "__default__": ":/integrator/default_rover_integrator.json", 
      "birth_date": ":/integrator/default_token_integrator.json", 
      "check_signature_presence": ":/integrator/fraud/default_check_signatures_integrators.json", 
      "expiry_date": ":/integrator/default_token_integrator.json", 
      "issue_date": ":/integrator/default_token_integrator.json", 
      "number": ":/integrator/default_token_integrator.json"
    }, 
    "size": [856, 540], 
    "zones": {
      "photo_zone": {
        "rect": [60, 190, 260, 310], 
        "workflow": ":/photo_retriever/common_nn_photo_retriever.json"
      }, 
      "signature": {
        "rect": [330, 460, 250, 60], 
        "size_override": [875, 210], 
        "workflow": ":/signature_retriever/signature_retriever.json"
      }, 
      "zone1": {
        "rect": [0, 50, 850, 140], 
        "workflow": {
          "mclass": "ZoneProcessingWorkflow", 
          "settings": {"vertsgm": "vertsgm/id_zone1.json"}, 
          "type": "common"
        }
      }, 
      "zone2": {
        "rect": [320, 170, 345, 260], 
        "workflow": {
          "mclass": "ZoneProcessingWorkflow", 
          "settings": {"vertsgm": "vertsgm/id_zone2.json"}, 
          "type": "common"
        }
      }
    }
  }
}