{
  "ken.passport.type1:main": {
    "config": "templates/ken.passport.type1.main.common.json", 
    "expected_fields": ["number", "expiry_date", "issue_date", "birth_date", "full_mrz"], 
    "field_group_preprocessors": {
      "image_checks": {
        "workflow": {
          "mclass": "FieldGroupProcessingWorkflow", 
          "settings": {
            "detector": ":/signature_retriever/psp_signature_detector.json", 
            "group_name": "image_checks", 
            "input_fields": ["signature"], 
            "output_fields": ["check_signature_presence"], 
            "subtype": "signature"
          }, 
          "type": "check_image"
        }
      }, 
      "lettercase_detector": {
        "workflow": {
          "mclass": "FieldGroupProcessingWorkflow", 
          "settings": {
            "fcr": {
              "autocontrast": false, 
              "layer_applier": {
                "nn_path": ":/recstr/netdata/final/synthetic/wrtsys/lc_detector.pb"
              }, 
              "scale_x": 0.75, 
              "y_padding": [0.5, 0.5]
            }, 
            "group_name": "lc", 
            "hot_pin": "S", 
            "input_fields": {
              "authority": 1.0, 
              "birth_date": 1.0, 
              "birth_place": 1.0, 
              "expiry_date": 1.0, 
              "gender": 1.0, 
              "issue_date": 1.0, 
              "last_name": 1.0, 
              "name": 1.0, 
              "nationality": 1.0, 
              "number": 1.0
            }, 
            "mode": "m_once", 
            "pin_translation": {" ": "spaces", "C": "caps", "S": "small"}, 
            "target_attribute": "lettercase"
          }, 
          "type": "text_props_processor"
        }
      }
    }, 
    "fields": {
      "authority": {
        "scale": 1.9, 
        "workflow": "field_processors/gender_tpl__ken.passport.type2.main.json"
      }, 
      "birth_date": {
        "scale": 1.9, 
        "workflow": "field_processors/birth_date_tpl__ken.passport.type2.main.json"
      }, 
      "birth_place": {
        "scale": 1.9, 
        "workflow": "field_processors/gender_tpl__ken.passport.type2.main.json"
      }, 
      "check_signature_presence": {
        "workflow": {"mclass": "FieldProcessingWorkflow", "settings": {}, "type": "dummy"}
      }, 
      "expiry_date": {
        "scale": 1.9, 
        "workflow": "field_processors/birth_date_tpl__ken.passport.type2.main.json"
      }, 
      "gender": {
        "scale": 1.9, 
        "workflow": "field_processors/gender_tpl__ken.passport.type2.main.json"
      }, 
      "id_number": {
        "scale": 1.9, 
        "workflow": {
          "mclass": "FieldProcessingWorkflow", 
          "settings": {
            "custom_alphabet": "0123456789", 
            "recstr": ":/recstr/001__n0002_recstr.json"
          }, 
          "type": "common"
        }
      }, 
      "issue_date": {
        "scale": 1.9, 
        "workflow": "field_processors/birth_date_tpl__ken.passport.type2.main.json"
      }, 
      "last_name": {
        "scale": 1.9, 
        "workflow": "field_processors/gender_tpl__ken.passport.type2.main.json"
      }, 
      "mrz_line1": {"scale": 1.2, "workflow": ":/mrz-data/mrz_field_workflow.json"}, 
      "mrz_line2": {"scale": 1.2, "workflow": ":/mrz-data/mrz_field_workflow.json"}, 
      "name": {
        "scale": 1.9, 
        "workflow": "field_processors/gender_tpl__ken.passport.type2.main.json"
      }, 
      "nationality": {
        "scale": 1.9, 
        "workflow": "field_processors/gender_tpl__ken.passport.type2.main.json"
      }, 
      "number": {
        "scale": 1.9, 
        "workflow": "field_processors/birth_date_tpl__ken.passport.type2.main.json"
      }, 
      "photo": {
        "workflow": {"mclass": "FieldProcessingWorkflow", "settings": {}, "type": "image"}
      }, 
      "signature": {
        "workflow": {"mclass": "FieldProcessingWorkflow", "settings": {}, "type": "image"}
      }
    }, 
    "formatters": [
      ":/postprocessor/mrz/mrz_formatter_slot_new_mrp.json", 
      {
        "formatter": ":/postprocessor/punctuation_filter.json", 
        "input_fields": ["number"]
      }, 
      {
        "formatter": ":/postprocessor/punctuation_filter.json", 
        "input_fields": ["id_number"]
      }
    ], 
    "image_integrators": {
      "__default__": ":/integrator/default_image_integrator.json", 
      "photo": ":/integrator/default_photo_integrator.json"
    }, 
    "integrators": {
      "__default__": ":/integrator/default_rover_integrator.json", 
      "check_signature_presence": ":/integrator/fraud/default_check_signatures_integrators.json", 
      "expiry_date": ":/integrator/default_token_integrator.json", 
      "full_mrz": ":/integrator/default_mrz_integrator.json", 
      "issue_date": ":/integrator/default_token_integrator.json"
    }, 
    "size": [1250, 880], 
    "template_integrator": {
      "config": ":/integrator/passport_template_integrator.json", 
      "integrator": ":/integrator/template_image_integrator.json"
    }, 
    "zones": {
      "mrz_zone": {
        "rect": [0, 400, 1250, 480], 
        "size_override": [1200, 460], 
        "workflow": ":/mrz-data/mrz_zone_workflow_mrp.json"
      }, 
      "photo_zone": {
        "rect": [50, 130, 350, 450], 
        "workflow": ":/photo_retriever/common_nn_photo_retriever.json"
      }, 
      "signature_zone": {
        "rect": [790, 590, 430, 105], 
        "size_override": [1505, 367], 
        "workflow": ":/signature_retriever/signature_retriever.json"
      }, 
      "zone1": {
        "rect": [390, 100, 860, 555], 
        "workflow": {
          "mclass": "ZoneProcessingWorkflow", 
          "settings": {"vertsgm": "vertsgm/psp_type1_data_zone_with_dp.json"}, 
          "type": "common"
        }
      }
    }
  }
}