{
  "mclass": "Postprocessor", 
  "settings": {
    "deletion_base_penalty": 1.0, 
    "deletion_streak_penalty": 1.0, 
    "dictionary": {"data": ["UNITED ARAB EMIRATES", "PHILIPPINES", "RUSSIAN FEDERATION", "TURKEY", "PAKISTAN", "IRAQ"], "type": "inline"}, 
    "insertion_base_penalty": 1.0, 
    "insertion_streak_penalty": 1.0, 
    "max_input_confidence": 1.0, 
    "max_input_dict_weight": 0, 
    "max_levenshtein_penalty": 2.9, 
    "max_states_count": 100, 
    "min_change_dict_weight": 0, 
    "remove_empty_fields": true, 
    "remove_nonsense_fields": true, 
    "substitution_weight": 0.9
  }, 
  "type": "levdict"
}