{
  "mclass": "Postprocessor", 
  "settings": {
    "mask_str": [
      "ABCDEFGHIJKLMNPQRSTUVWXYZ0123456789", 
      "ABCDEFGHIJKLMNPQRSTUVWXYZ0123456789", 
      "ABCDEFGHIJKLMNPQRSTUVWXYZ0123456789", 
      "ABCDEFGHIJKLMNPQRSTUVWXYZ0123456789", 
      "0123456789", 
      "0123456789", 
      "0123456789", 
      "0123456789", 
      "0123456789"
    ], 
    "matchs": {"O": "0"}, 
    "min_confidence": 0.2, 
    "str_size": 9, 
    "sum_alph_confidence": 0.98, 
    "type_app": "univ_alph"
  }, 
  "type": "alphabet"
}