{
  "mclass": "Postprocessor", 
  "settings": {
    "mask_str": [
      "0123456789", 
      "0123456789", 
      "0123456789", 
      "/", 
      "0123456789", 
      "0123456789", 
      "0123456789", 
      "0123456789", 
      "/", 
      "0123456789", 
      "0123456789", 
      "0123456789", 
      "0123456789", 
      "0123456789", 
      "0123456789", 
      "0123456789"
    ], 
    "matchs": {}, 
    "min_confidence": 0.2, 
    "str_size": 16, 
    "sum_alph_confidence": 0.98, 
    "type_app": "univ_alph"
  }, 
  "type": "alphabet"
}