{
    "(sample)": "",
    "features": {
        "content": {
            "(ffe)": "",
            "descriptor_size": 128,
            "descriptor_type": "uint1",
            "rotations": 4,
            "variants": "ind.aadhaar.type1.back.common/variants.json",
            "structure_type": "floated"
        },
        "type": "common",
        "mclass": "TemplateFeatures"
    },
    "name": "ind.aadhaar.type1:back",
    "linked_templates": [

    ],
    "size_mm": [
        100.0,
        70.0
    ],
    "size_px": [
        1000,
        700
    ]
}
