{
    "(sample)": "TODO",
    "features": {
        "content": {
            "(ffe)": ":/docs/ind.passport/ffe_config_mobile.json",
            "descriptor_size": 128,
            "descriptor_type": "uint1",
            "rotations": 4,
            "variants": "ind.passport.type1.main.common/variants.json"
        },
        "type": "common",
        "mclass": "TemplateFeatures"
    },
    "name": "ind.passport.type1:main",
    "size_mm": [
        80.0,
        56.0
    ],
    "size_px": [
        800,
        560
    ]
}
