{
    "(sample)": "",
    "features": {
        "content": {
            "(ffe)": "",
            "descriptor_size": 128,
            "descriptor_type": "uint1",
            "rotations": 4,
            "variants": "ind.passport.type2.main.common/variants.json"
        },
        "type": "common",
        "mclass": "TemplateFeatures"
    },
    "name": "ind.passport.type2:main",
    "linked_templates": [

    ],
    "size_mm": [
        125.0,
        88.0
    ],
    "size_px": [
        1250,
        880
    ]
}
