{
    "(sample)": "ken.passport.type1.main.common/sample.jpg",
    "features": {
        "content": {
            "(ffe)": "",
            "descriptor_size": 128,
            "descriptor_type": "uint1",
            "rotations": 4,
            "variants": "ken.passport.type1.main.common/variants.json"
        },
        "type": "common",
        "mclass": "TemplateFeatures"
    },
    "name": "ken.passport.type1:main",
    "size_mm": [
        125.0,
        88.0
    ],
    "size_px": [
        1250,
        880
    ]
}
