{
  "mclass": "Postprocessor", 
  "settings": {
    "mask_str": [
      "0123456789", 
      "0123456789", 
      "0123456789", 
      "0123456789", 
      "0123456789", 
      "0123456789", 
      "0123456789", 
      "0123456789", 
      "0123456789", 
      "0123456789", 
      "0123456789", 
      "0123456789", 
      "0123456789", 
      "0123456789", 
      "0123456789", 
      "0123456789"
    ], 
    "matchs": {
      "A": "4", 
      "D": "0", 
      "I": "1", 
      "L": "1", 
      "O": "0", 
      "S": "5", 
      "T": "1", 
      "U": "0"
    }, 
    "min_confidence": 0.2, 
    "str_size": 16, 
    "sum_alph_confidence": 0.98, 
    "type_app": "univ_alph"
  }, 
  "type": "alphabet"
}